Using pre-set license
Built from '2021.3/staging' branch; Version is '2021.3.8f1 (b30333d56e81) revision 11731763'; Using compiler version '192829333'; Build Type 'Release'
OS: 'Windows 10  (10.0.19045) 64bit Professional' Language: 'ru' Physical Memory: 16306 MB
BatchMode: 1, IsHumanControllingUs: 0, StartBugReporterOnCrash: 0, Is64bit: 1, IsPro: 1

COMMAND LINE ARGUMENTS:
C:\Program Files\Unity\Hub\Editor\2021.3.8f1\Editor\Unity.exe
-adb2
-batchMode
-noUpm
-name
AssetImportWorker0
-projectPath
E:/Файлы/UnityProjects/Doors And Puzzles Math Game
-logFile
Logs/AssetImportWorker0.log
-srvPort
62984
Successfully changed project path to: E:/Файлы/UnityProjects/Doors And Puzzles Math Game
E:/Файлы/UnityProjects/Doors And Puzzles Math Game
[UnityMemory] Configuration Parameters - Can be set up in boot.config
    "memorysetup-bucket-allocator-granularity=16"
    "memorysetup-bucket-allocator-bucket-count=8"
    "memorysetup-bucket-allocator-block-size=33554432"
    "memorysetup-bucket-allocator-block-count=8"
    "memorysetup-main-allocator-block-size=16777216"
    "memorysetup-thread-allocator-block-size=16777216"
    "memorysetup-gfx-main-allocator-block-size=16777216"
    "memorysetup-gfx-thread-allocator-block-size=16777216"
    "memorysetup-cache-allocator-block-size=4194304"
    "memorysetup-typetree-allocator-block-size=2097152"
    "memorysetup-profiler-bucket-allocator-granularity=16"
    "memorysetup-profiler-bucket-allocator-bucket-count=8"
    "memorysetup-profiler-bucket-allocator-block-size=33554432"
    "memorysetup-profiler-bucket-allocator-block-count=8"
    "memorysetup-profiler-allocator-block-size=16777216"
    "memorysetup-profiler-editor-allocator-block-size=1048576"
    "memorysetup-temp-allocator-size-main=16777216"
    "memorysetup-job-temp-allocator-block-size=2097152"
    "memorysetup-job-temp-allocator-block-size-background=1048576"
    "memorysetup-job-temp-allocator-reduction-small-platforms=262144"
    "memorysetup-temp-allocator-size-background-worker=32768"
    "memorysetup-temp-allocator-size-job-worker=262144"
    "memorysetup-temp-allocator-size-preload-manager=33554432"
    "memorysetup-temp-allocator-size-nav-mesh-worker=65536"
    "memorysetup-temp-allocator-size-audio-worker=65536"
    "memorysetup-temp-allocator-size-cloud-worker=32768"
    "memorysetup-temp-allocator-size-gi-baking-worker=262144"
    "memorysetup-temp-allocator-size-gfx=262144"
Refreshing native plugins compatible for Editor in 117.40 ms, found 4 plugins.
Preloading 0 native plugins for Editor in 0.00 ms.
Initialize engine version: 2021.3.8f1 (b30333d56e81)
[Subsystems] Discovering subsystems at path C:/Program Files/Unity/Hub/Editor/2021.3.8f1/Editor/Data/Resources/UnitySubsystems
[Subsystems] Discovering subsystems at path E:/Файлы/UnityProjects/Doors And Puzzles Math Game/Assets
GfxDevice: creating device client; threaded=0; jobified=0
Direct3D:
    Version:  Direct3D 11.0 [level 11.1]
    Renderer: NVIDIA GeForce GTX 1650 (ID=0x2188)
    Vendor:   NVIDIA
    VRAM:     3949 MB
    Driver:   31.0.15.3179
Initialize mono
Mono path[0] = 'C:/Program Files/Unity/Hub/Editor/2021.3.8f1/Editor/Data/Managed'
Mono path[1] = 'C:/Program Files/Unity/Hub/Editor/2021.3.8f1/Editor/Data/MonoBleedingEdge/lib/mono/unityjit-win32'
Mono config path = 'C:/Program Files/Unity/Hub/Editor/2021.3.8f1/Editor/Data/MonoBleedingEdge/etc'
Using monoOptions --debugger-agent=transport=dt_socket,embedding=1,server=y,suspend=n,address=127.0.0.1:56616
Begin MonoManager ReloadAssembly
Registering precompiled unity dll's ...
Register platform support module: C:/Program Files/Unity/Hub/Editor/2021.3.8f1/Editor/Data/PlaybackEngines/WebGLSupport/UnityEditor.WebGL.Extensions.dll
Register platform support module: C:/Program Files/Unity/Hub/Editor/2021.3.8f1/Editor/Data/PlaybackEngines/AndroidPlayer/UnityEditor.Android.Extensions.dll
Register platform support module: C:/Program Files/Unity/Hub/Editor/2021.3.8f1/Editor/Data/PlaybackEngines/WindowsStandaloneSupport/UnityEditor.WindowsStandalone.Extensions.dll
Registered in 0.015274 seconds.
Native extension for WindowsStandalone target not found
Native extension for Android target not found
Native extension for WebGL target not found
Refreshing native plugins compatible for Editor in 120.88 ms, found 4 plugins.
Preloading 0 native plugins for Editor in 0.00 ms.
Mono: successfully reloaded assembly
- Completed reload, in  0.933 seconds
Domain Reload Profiling:
	ReloadAssembly (934ms)
		BeginReloadAssembly (108ms)
			ExecutionOrderSort (0ms)
			DisableScriptedObjects (0ms)
			BackupInstance (0ms)
			ReleaseScriptingObjects (0ms)
			CreateAndSetChildDomain (1ms)
		EndReloadAssembly (663ms)
			LoadAssemblies (103ms)
			RebuildTransferFunctionScriptingTraits (0ms)
			SetupTypeCache (138ms)
			ReleaseScriptCaches (0ms)
			RebuildScriptCaches (41ms)
			SetupLoadedEditorAssemblies (401ms)
				LogAssemblyErrors (0ms)
				InitializePlatformSupportModulesInManaged (77ms)
				SetLoadedEditorAssemblies (2ms)
				RefreshPlugins (121ms)
				BeforeProcessingInitializeOnLoad (2ms)
				ProcessInitializeOnLoadAttributes (138ms)
				ProcessInitializeOnLoadMethodAttributes (61ms)
				AfterProcessingInitializeOnLoad (0ms)
				EditorAssembliesLoaded (0ms)
			ExecutionOrderSort2 (0ms)
			AwakeInstancesAfterBackupRestoration (0ms)
Platform modules already initialized, skipping
Registering precompiled user dll's ...
Registered in 0.008659 seconds.
Begin MonoManager ReloadAssembly
Symbol file LoadedFromMemory doesn't match image E:\Файлы\UnityProjects\Doors And Puzzles Math Game\Library\PackageCache\com.unity.visualscripting@1.7.8\Editor\VisualScripting.Core\Dependencies\YamlDotNet\Unity.VisualScripting.YamlDotNet.dll
Symbol file LoadedFromMemory doesn't match image E:\Файлы\UnityProjects\Doors And Puzzles Math Game\Library\PackageCache\com.unity.visualscripting@1.7.8\Editor\VisualScripting.Core\Dependencies\DotNetZip\Unity.VisualScripting.IonicZip.dll
Native extension for WindowsStandalone target not found
Native extension for Android target not found
Native extension for WebGL target not found
Refreshing native plugins compatible for Editor in 116.85 ms, found 4 plugins.
Preloading 0 native plugins for Editor in 0.00 ms.
Mono: successfully reloaded assembly
- Completed reload, in  1.847 seconds
Domain Reload Profiling:
	ReloadAssembly (1848ms)
		BeginReloadAssembly (279ms)
			ExecutionOrderSort (0ms)
			DisableScriptedObjects (8ms)
			BackupInstance (0ms)
			ReleaseScriptingObjects (0ms)
			CreateAndSetChildDomain (140ms)
		EndReloadAssembly (1404ms)
			LoadAssemblies (132ms)
			RebuildTransferFunctionScriptingTraits (0ms)
			SetupTypeCache (359ms)
			ReleaseScriptCaches (1ms)
			RebuildScriptCaches (124ms)
			SetupLoadedEditorAssemblies (711ms)
				LogAssemblyErrors (0ms)
				InitializePlatformSupportModulesInManaged (25ms)
				SetLoadedEditorAssemblies (0ms)
				RefreshPlugins (117ms)
				BeforeProcessingInitializeOnLoad (153ms)
				ProcessInitializeOnLoadAttributes (344ms)
				ProcessInitializeOnLoadMethodAttributes (57ms)
				AfterProcessingInitializeOnLoad (14ms)
				EditorAssembliesLoaded (0ms)
			ExecutionOrderSort2 (0ms)
			AwakeInstancesAfterBackupRestoration (8ms)
Platform modules already initialized, skipping
========================================================================
Worker process is ready to serve import requests
Launched and connected shader compiler UnityShaderCompiler.exe after 0.06 seconds
Refreshing native plugins compatible for Editor in 1.22 ms, found 4 plugins.
Preloading 0 native plugins for Editor in 0.00 ms.
Unloading 4040 Unused Serialized files (Serialized files now loaded: 0)
Unloading 38 unused Assets / (55.6 KB). Loaded Objects now: 4498.
Memory consumption went from 150.5 MB to 150.4 MB.
Total: 4.591300 ms (FindLiveObjects: 0.484100 ms CreateObjectMapping: 0.304200 ms MarkObjects: 3.692300 ms  DeleteObjects: 0.109200 ms)

AssetImportParameters requested are different than current active one (requested -> active):
  custom:video-decoder-ogg-theora: a1e56fd34408186e4bbccfd4996cb3dc -> 
  custom:container-muxer-webm: aa71ff27fc2769a1b78a27578f13a17b -> 
  custom:container-demuxer-webm: 4f35f7cbe854078d1ac9338744f61a02 -> 
  custom:video-encoder-webm-vp8: eb34c28f22e8b96e1ab97ce403110664 -> 
  custom:audio-encoder-webm-vorbis: bf7c407c2cedff20999df2af8eb42d56 -> 
  custom:framework-win-MediaFoundation: 216162199b28c13a410421893ffa2e32 -> 
  custom:container-demuxer-ogg: 62fdf1f143b41e24485cea50d1cbac27 -> 
  custom:video-decoder-webm-vp8: 9c59270c3fd7afecdb556c50c9e8de78 -> 
  custom:audio-decoder-ogg-vorbis: bf7c407c2cedff20999df2af8eb42d56 -> 
========================================================================
Received Import Request.
  Time since last request: 602100.281523 seconds.
  path: Assets/Scripts/TriggerDoor.cs
  artifactKey: Guid(435bb452329b53349bba1a421ac70039) Importer(815301076,1909f56bfc062723c751e8b465ee728b)
Start importing Assets/Scripts/TriggerDoor.cs using Guid(435bb452329b53349bba1a421ac70039) Importer(815301076,1909f56bfc062723c751e8b465ee728b)  -> (artifact id: 'f1dfe93638e896d00d6b8b285af8d2e1') in 0.042409 seconds 
========================================================================
Received Prepare
Registering precompiled user dll's ...
Registered in 0.007418 seconds.
Begin MonoManager ReloadAssembly
Symbol file LoadedFromMemory doesn't match image E:\Файлы\UnityProjects\Doors And Puzzles Math Game\Library\PackageCache\com.unity.visualscripting@1.7.8\Editor\VisualScripting.Core\Dependencies\YamlDotNet\Unity.VisualScripting.YamlDotNet.dll
Symbol file LoadedFromMemory doesn't match image E:\Файлы\UnityProjects\Doors And Puzzles Math Game\Library\PackageCache\com.unity.visualscripting@1.7.8\Editor\VisualScripting.Core\Dependencies\DotNetZip\Unity.VisualScripting.IonicZip.dll
Native extension for WindowsStandalone target not found
Native extension for Android target not found
Native extension for WebGL target not found
Refreshing native plugins compatible for Editor in 0.78 ms, found 4 plugins.
Preloading 0 native plugins for Editor in 0.00 ms.
Mono: successfully reloaded assembly
- Completed reload, in  1.331 seconds
Domain Reload Profiling:
	ReloadAssembly (1332ms)
		BeginReloadAssembly (173ms)
			ExecutionOrderSort (0ms)
			DisableScriptedObjects (10ms)
			BackupInstance (0ms)
			ReleaseScriptingObjects (0ms)
			CreateAndSetChildDomain (42ms)
		EndReloadAssembly (1024ms)
			LoadAssemblies (120ms)
			RebuildTransferFunctionScriptingTraits (0ms)
			SetupTypeCache (309ms)
			ReleaseScriptCaches (2ms)
			RebuildScriptCaches (64ms)
			SetupLoadedEditorAssemblies (485ms)
				LogAssemblyErrors (0ms)
				InitializePlatformSupportModulesInManaged (31ms)
				SetLoadedEditorAssemblies (1ms)
				RefreshPlugins (1ms)
				BeforeProcessingInitializeOnLoad (115ms)
				ProcessInitializeOnLoadAttributes (273ms)
				ProcessInitializeOnLoadMethodAttributes (51ms)
				AfterProcessingInitializeOnLoad (14ms)
				EditorAssembliesLoaded (0ms)
			ExecutionOrderSort2 (0ms)
			AwakeInstancesAfterBackupRestoration (12ms)
Platform modules already initialized, skipping
Refreshing native plugins compatible for Editor in 2.63 ms, found 4 plugins.
Preloading 0 native plugins for Editor in 0.00 ms.
Unloading 4029 Unused Serialized files (Serialized files now loaded: 0)
Unloading 25 unused Assets / (24.7 KB). Loaded Objects now: 4501.
Memory consumption went from 149.9 MB to 149.8 MB.
Total: 3.714400 ms (FindLiveObjects: 0.330400 ms CreateObjectMapping: 0.103100 ms MarkObjects: 3.245000 ms  DeleteObjects: 0.034600 ms)

AssetImportParameters requested are different than current active one (requested -> active):
  custom:video-decoder-ogg-theora: a1e56fd34408186e4bbccfd4996cb3dc -> 
  custom:container-muxer-webm: aa71ff27fc2769a1b78a27578f13a17b -> 
  custom:container-demuxer-webm: 4f35f7cbe854078d1ac9338744f61a02 -> 
  custom:video-encoder-webm-vp8: eb34c28f22e8b96e1ab97ce403110664 -> 
  custom:audio-encoder-webm-vorbis: bf7c407c2cedff20999df2af8eb42d56 -> 
  custom:framework-win-MediaFoundation: 216162199b28c13a410421893ffa2e32 -> 
  custom:container-demuxer-ogg: 62fdf1f143b41e24485cea50d1cbac27 -> 
  custom:video-decoder-webm-vp8: 9c59270c3fd7afecdb556c50c9e8de78 -> 
  custom:audio-decoder-ogg-vorbis: bf7c407c2cedff20999df2af8eb42d56 -> 
========================================================================
Received Prepare
Registering precompiled user dll's ...
Registered in 0.007604 seconds.
Begin MonoManager ReloadAssembly
Symbol file LoadedFromMemory doesn't match image E:\Файлы\UnityProjects\Doors And Puzzles Math Game\Library\PackageCache\com.unity.visualscripting@1.7.8\Editor\VisualScripting.Core\Dependencies\YamlDotNet\Unity.VisualScripting.YamlDotNet.dll
Symbol file LoadedFromMemory doesn't match image E:\Файлы\UnityProjects\Doors And Puzzles Math Game\Library\PackageCache\com.unity.visualscripting@1.7.8\Editor\VisualScripting.Core\Dependencies\DotNetZip\Unity.VisualScripting.IonicZip.dll
Native extension for WindowsStandalone target not found
Native extension for Android target not found
Native extension for WebGL target not found
Refreshing native plugins compatible for Editor in 1.09 ms, found 4 plugins.
Preloading 0 native plugins for Editor in 0.00 ms.
Mono: successfully reloaded assembly
- Completed reload, in  1.387 seconds
Domain Reload Profiling:
	ReloadAssembly (1388ms)
		BeginReloadAssembly (170ms)
			ExecutionOrderSort (0ms)
			DisableScriptedObjects (10ms)
			BackupInstance (0ms)
			ReleaseScriptingObjects (0ms)
			CreateAndSetChildDomain (41ms)
		EndReloadAssembly (1083ms)
			LoadAssemblies (123ms)
			RebuildTransferFunctionScriptingTraits (0ms)
			SetupTypeCache (321ms)
			ReleaseScriptCaches (2ms)
			RebuildScriptCaches (69ms)
			SetupLoadedEditorAssemblies (506ms)
				LogAssemblyErrors (0ms)
				InitializePlatformSupportModulesInManaged (33ms)
				SetLoadedEditorAssemblies (1ms)
				RefreshPlugins (1ms)
				BeforeProcessingInitializeOnLoad (121ms)
				ProcessInitializeOnLoadAttributes (283ms)
				ProcessInitializeOnLoadMethodAttributes (51ms)
				AfterProcessingInitializeOnLoad (16ms)
				EditorAssembliesLoaded (0ms)
			ExecutionOrderSort2 (0ms)
			AwakeInstancesAfterBackupRestoration (12ms)
Platform modules already initialized, skipping
Refreshing native plugins compatible for Editor in 2.68 ms, found 4 plugins.
Preloading 0 native plugins for Editor in 0.00 ms.
Unloading 4029 Unused Serialized files (Serialized files now loaded: 0)
Unloading 25 unused Assets / (24.7 KB). Loaded Objects now: 4504.
Memory consumption went from 149.9 MB to 149.9 MB.
Total: 3.760400 ms (FindLiveObjects: 0.347500 ms CreateObjectMapping: 0.103900 ms MarkObjects: 3.281100 ms  DeleteObjects: 0.026800 ms)

AssetImportParameters requested are different than current active one (requested -> active):
  custom:video-decoder-ogg-theora: a1e56fd34408186e4bbccfd4996cb3dc -> 
  custom:container-muxer-webm: aa71ff27fc2769a1b78a27578f13a17b -> 
  custom:container-demuxer-webm: 4f35f7cbe854078d1ac9338744f61a02 -> 
  custom:video-encoder-webm-vp8: eb34c28f22e8b96e1ab97ce403110664 -> 
  custom:audio-encoder-webm-vorbis: bf7c407c2cedff20999df2af8eb42d56 -> 
  custom:framework-win-MediaFoundation: 216162199b28c13a410421893ffa2e32 -> 
  custom:container-demuxer-ogg: 62fdf1f143b41e24485cea50d1cbac27 -> 
  custom:video-decoder-webm-vp8: 9c59270c3fd7afecdb556c50c9e8de78 -> 
  custom:audio-decoder-ogg-vorbis: bf7c407c2cedff20999df2af8eb42d56 -> 
========================================================================
Received Import Request.
  Time since last request: 66.752964 seconds.
  path: Assets/Scripts/TriggerDoor.cs
  artifactKey: Guid(435bb452329b53349bba1a421ac70039) Importer(815301076,1909f56bfc062723c751e8b465ee728b)
Start importing Assets/Scripts/TriggerDoor.cs using Guid(435bb452329b53349bba1a421ac70039) Importer(815301076,1909f56bfc062723c751e8b465ee728b)  -> (artifact id: '1881d932dfffa1ce25547156cf1f7397') in 0.034863 seconds 
========================================================================
Received Prepare
Registering precompiled user dll's ...
Registered in 0.007847 seconds.
Begin MonoManager ReloadAssembly
Symbol file LoadedFromMemory doesn't match image E:\Файлы\UnityProjects\Doors And Puzzles Math Game\Library\PackageCache\com.unity.visualscripting@1.7.8\Editor\VisualScripting.Core\Dependencies\YamlDotNet\Unity.VisualScripting.YamlDotNet.dll
Symbol file LoadedFromMemory doesn't match image E:\Файлы\UnityProjects\Doors And Puzzles Math Game\Library\PackageCache\com.unity.visualscripting@1.7.8\Editor\VisualScripting.Core\Dependencies\DotNetZip\Unity.VisualScripting.IonicZip.dll
Native extension for WindowsStandalone target not found
Native extension for Android target not found
Native extension for WebGL target not found
Refreshing native plugins compatible for Editor in 1.06 ms, found 4 plugins.
Preloading 0 native plugins for Editor in 0.00 ms.
Mono: successfully reloaded assembly
- Completed reload, in  1.336 seconds
Domain Reload Profiling:
	ReloadAssembly (1337ms)
		BeginReloadAssembly (175ms)
			ExecutionOrderSort (0ms)
			DisableScriptedObjects (12ms)
			BackupInstance (0ms)
			ReleaseScriptingObjects (0ms)
			CreateAndSetChildDomain (46ms)
		EndReloadAssembly (1030ms)
			LoadAssemblies (120ms)
			RebuildTransferFunctionScriptingTraits (0ms)
			SetupTypeCache (286ms)
			ReleaseScriptCaches (2ms)
			RebuildScriptCaches (64ms)
			SetupLoadedEditorAssemblies (503ms)
				LogAssemblyErrors (0ms)
				InitializePlatformSupportModulesInManaged (32ms)
				SetLoadedEditorAssemblies (1ms)
				RefreshPlugins (1ms)
				BeforeProcessingInitializeOnLoad (126ms)
				ProcessInitializeOnLoadAttributes (276ms)
				ProcessInitializeOnLoadMethodAttributes (51ms)
				AfterProcessingInitializeOnLoad (16ms)
				EditorAssembliesLoaded (0ms)
			ExecutionOrderSort2 (0ms)
			AwakeInstancesAfterBackupRestoration (11ms)
Platform modules already initialized, skipping
Refreshing native plugins compatible for Editor in 2.63 ms, found 4 plugins.
Preloading 0 native plugins for Editor in 0.00 ms.
Unloading 4029 Unused Serialized files (Serialized files now loaded: 0)
Unloading 25 unused Assets / (24.6 KB). Loaded Objects now: 4507.
Memory consumption went from 149.9 MB to 149.9 MB.
Total: 3.770000 ms (FindLiveObjects: 0.360000 ms CreateObjectMapping: 0.110900 ms MarkObjects: 3.272200 ms  DeleteObjects: 0.026000 ms)

AssetImportParameters requested are different than current active one (requested -> active):
  custom:video-decoder-ogg-theora: a1e56fd34408186e4bbccfd4996cb3dc -> 
  custom:container-muxer-webm: aa71ff27fc2769a1b78a27578f13a17b -> 
  custom:container-demuxer-webm: 4f35f7cbe854078d1ac9338744f61a02 -> 
  custom:video-encoder-webm-vp8: eb34c28f22e8b96e1ab97ce403110664 -> 
  custom:audio-encoder-webm-vorbis: bf7c407c2cedff20999df2af8eb42d56 -> 
  custom:framework-win-MediaFoundation: 216162199b28c13a410421893ffa2e32 -> 
  custom:container-demuxer-ogg: 62fdf1f143b41e24485cea50d1cbac27 -> 
  custom:video-decoder-webm-vp8: 9c59270c3fd7afecdb556c50c9e8de78 -> 
  custom:audio-decoder-ogg-vorbis: bf7c407c2cedff20999df2af8eb42d56 -> 
========================================================================
Received Prepare
Registering precompiled user dll's ...
Registered in 0.007739 seconds.
Begin MonoManager ReloadAssembly
Symbol file LoadedFromMemory doesn't match image E:\Файлы\UnityProjects\Doors And Puzzles Math Game\Library\PackageCache\com.unity.visualscripting@1.7.8\Editor\VisualScripting.Core\Dependencies\YamlDotNet\Unity.VisualScripting.YamlDotNet.dll
Symbol file LoadedFromMemory doesn't match image E:\Файлы\UnityProjects\Doors And Puzzles Math Game\Library\PackageCache\com.unity.visualscripting@1.7.8\Editor\VisualScripting.Core\Dependencies\DotNetZip\Unity.VisualScripting.IonicZip.dll
Native extension for WindowsStandalone target not found
Native extension for Android target not found
Native extension for WebGL target not found
Refreshing native plugins compatible for Editor in 1.13 ms, found 4 plugins.
Preloading 0 native plugins for Editor in 0.00 ms.
Mono: successfully reloaded assembly
- Completed reload, in  1.394 seconds
Domain Reload Profiling:
	ReloadAssembly (1395ms)
		BeginReloadAssembly (170ms)
			ExecutionOrderSort (0ms)
			DisableScriptedObjects (10ms)
			BackupInstance (0ms)
			ReleaseScriptingObjects (0ms)
			CreateAndSetChildDomain (41ms)
		EndReloadAssembly (1082ms)
			LoadAssemblies (125ms)
			RebuildTransferFunctionScriptingTraits (0ms)
			SetupTypeCache (304ms)
			ReleaseScriptCaches (1ms)
			RebuildScriptCaches (68ms)
			SetupLoadedEditorAssemblies (526ms)
				LogAssemblyErrors (0ms)
				InitializePlatformSupportModulesInManaged (36ms)
				SetLoadedEditorAssemblies (1ms)
				RefreshPlugins (1ms)
				BeforeProcessingInitializeOnLoad (134ms)
				ProcessInitializeOnLoadAttributes (284ms)
				ProcessInitializeOnLoadMethodAttributes (54ms)
				AfterProcessingInitializeOnLoad (15ms)
				EditorAssembliesLoaded (0ms)
			ExecutionOrderSort2 (0ms)
			AwakeInstancesAfterBackupRestoration (10ms)
Platform modules already initialized, skipping
Refreshing native plugins compatible for Editor in 2.54 ms, found 4 plugins.
Preloading 0 native plugins for Editor in 0.00 ms.
Unloading 4029 Unused Serialized files (Serialized files now loaded: 0)
Unloading 25 unused Assets / (24.6 KB). Loaded Objects now: 4510.
Memory consumption went from 149.9 MB to 149.9 MB.
Total: 3.785800 ms (FindLiveObjects: 0.330700 ms CreateObjectMapping: 0.100800 ms MarkObjects: 3.317000 ms  DeleteObjects: 0.036300 ms)

AssetImportParameters requested are different than current active one (requested -> active):
  custom:video-decoder-ogg-theora: a1e56fd34408186e4bbccfd4996cb3dc -> 
  custom:container-muxer-webm: aa71ff27fc2769a1b78a27578f13a17b -> 
  custom:container-demuxer-webm: 4f35f7cbe854078d1ac9338744f61a02 -> 
  custom:video-encoder-webm-vp8: eb34c28f22e8b96e1ab97ce403110664 -> 
  custom:audio-encoder-webm-vorbis: bf7c407c2cedff20999df2af8eb42d56 -> 
  custom:framework-win-MediaFoundation: 216162199b28c13a410421893ffa2e32 -> 
  custom:container-demuxer-ogg: 62fdf1f143b41e24485cea50d1cbac27 -> 
  custom:video-decoder-webm-vp8: 9c59270c3fd7afecdb556c50c9e8de78 -> 
  custom:audio-decoder-ogg-vorbis: bf7c407c2cedff20999df2af8eb42d56 -> 
========================================================================
Received Prepare
Registering precompiled user dll's ...
Registered in 0.007640 seconds.
Begin MonoManager ReloadAssembly
Symbol file LoadedFromMemory doesn't match image E:\Файлы\UnityProjects\Doors And Puzzles Math Game\Library\PackageCache\com.unity.visualscripting@1.7.8\Editor\VisualScripting.Core\Dependencies\YamlDotNet\Unity.VisualScripting.YamlDotNet.dll
Symbol file LoadedFromMemory doesn't match image E:\Файлы\UnityProjects\Doors And Puzzles Math Game\Library\PackageCache\com.unity.visualscripting@1.7.8\Editor\VisualScripting.Core\Dependencies\DotNetZip\Unity.VisualScripting.IonicZip.dll
Native extension for WindowsStandalone target not found
Native extension for Android target not found
Native extension for WebGL target not found
Refreshing native plugins compatible for Editor in 0.88 ms, found 4 plugins.
Preloading 0 native plugins for Editor in 0.00 ms.
Mono: successfully reloaded assembly
- Completed reload, in  1.349 seconds
Domain Reload Profiling:
	ReloadAssembly (1350ms)
		BeginReloadAssembly (176ms)
			ExecutionOrderSort (0ms)
			DisableScriptedObjects (10ms)
			BackupInstance (0ms)
			ReleaseScriptingObjects (0ms)
			CreateAndSetChildDomain (43ms)
		EndReloadAssembly (1045ms)
			LoadAssemblies (124ms)
			RebuildTransferFunctionScriptingTraits (0ms)
			SetupTypeCache (297ms)
			ReleaseScriptCaches (1ms)
			RebuildScriptCaches (67ms)
			SetupLoadedEditorAssemblies (505ms)
				LogAssemblyErrors (0ms)
				InitializePlatformSupportModulesInManaged (38ms)
				SetLoadedEditorAssemblies (1ms)
				RefreshPlugins (1ms)
				BeforeProcessingInitializeOnLoad (116ms)
				ProcessInitializeOnLoadAttributes (286ms)
				ProcessInitializeOnLoadMethodAttributes (50ms)
				AfterProcessingInitializeOnLoad (14ms)
				EditorAssembliesLoaded (0ms)
			ExecutionOrderSort2 (0ms)
			AwakeInstancesAfterBackupRestoration (10ms)
Platform modules already initialized, skipping
Refreshing native plugins compatible for Editor in 2.91 ms, found 4 plugins.
Preloading 0 native plugins for Editor in 0.00 ms.
Unloading 4029 Unused Serialized files (Serialized files now loaded: 0)
Unloading 25 unused Assets / (24.8 KB). Loaded Objects now: 4513.
Memory consumption went from 149.9 MB to 149.9 MB.
Total: 4.612500 ms (FindLiveObjects: 0.362700 ms CreateObjectMapping: 0.109600 ms MarkObjects: 4.110500 ms  DeleteObjects: 0.028300 ms)

AssetImportParameters requested are different than current active one (requested -> active):
  custom:video-decoder-ogg-theora: a1e56fd34408186e4bbccfd4996cb3dc -> 
  custom:container-muxer-webm: aa71ff27fc2769a1b78a27578f13a17b -> 
  custom:container-demuxer-webm: 4f35f7cbe854078d1ac9338744f61a02 -> 
  custom:video-encoder-webm-vp8: eb34c28f22e8b96e1ab97ce403110664 -> 
  custom:audio-encoder-webm-vorbis: bf7c407c2cedff20999df2af8eb42d56 -> 
  custom:framework-win-MediaFoundation: 216162199b28c13a410421893ffa2e32 -> 
  custom:container-demuxer-ogg: 62fdf1f143b41e24485cea50d1cbac27 -> 
  custom:video-decoder-webm-vp8: 9c59270c3fd7afecdb556c50c9e8de78 -> 
  custom:audio-decoder-ogg-vorbis: bf7c407c2cedff20999df2af8eb42d56 -> 
========================================================================
Received Prepare
Registering precompiled user dll's ...
Registered in 0.007256 seconds.
Begin MonoManager ReloadAssembly
Symbol file LoadedFromMemory doesn't match image E:\Файлы\UnityProjects\Doors And Puzzles Math Game\Library\PackageCache\com.unity.visualscripting@1.7.8\Editor\VisualScripting.Core\Dependencies\YamlDotNet\Unity.VisualScripting.YamlDotNet.dll
Symbol file LoadedFromMemory doesn't match image E:\Файлы\UnityProjects\Doors And Puzzles Math Game\Library\PackageCache\com.unity.visualscripting@1.7.8\Editor\VisualScripting.Core\Dependencies\DotNetZip\Unity.VisualScripting.IonicZip.dll
Native extension for WindowsStandalone target not found
Native extension for Android target not found
Native extension for WebGL target not found
Refreshing native plugins compatible for Editor in 1.05 ms, found 4 plugins.
Preloading 0 native plugins for Editor in 0.00 ms.
Mono: successfully reloaded assembly
- Completed reload, in  1.342 seconds
Domain Reload Profiling:
	ReloadAssembly (1343ms)
		BeginReloadAssembly (168ms)
			ExecutionOrderSort (0ms)
			DisableScriptedObjects (10ms)
			BackupInstance (0ms)
			ReleaseScriptingObjects (0ms)
			CreateAndSetChildDomain (45ms)
		EndReloadAssembly (1042ms)
			LoadAssemblies (117ms)
			RebuildTransferFunctionScriptingTraits (0ms)
			SetupTypeCache (302ms)
			ReleaseScriptCaches (2ms)
			RebuildScriptCaches (72ms)
			SetupLoadedEditorAssemblies (494ms)
				LogAssemblyErrors (0ms)
				InitializePlatformSupportModulesInManaged (33ms)
				SetLoadedEditorAssemblies (1ms)
				RefreshPlugins (1ms)
				BeforeProcessingInitializeOnLoad (114ms)
				ProcessInitializeOnLoadAttributes (275ms)
				ProcessInitializeOnLoadMethodAttributes (55ms)
				AfterProcessingInitializeOnLoad (14ms)
				EditorAssembliesLoaded (0ms)
			ExecutionOrderSort2 (0ms)
			AwakeInstancesAfterBackupRestoration (10ms)
Platform modules already initialized, skipping
Refreshing native plugins compatible for Editor in 2.64 ms, found 4 plugins.
Preloading 0 native plugins for Editor in 0.00 ms.
Unloading 4029 Unused Serialized files (Serialized files now loaded: 0)
Unloading 25 unused Assets / (24.7 KB). Loaded Objects now: 4516.
Memory consumption went from 149.9 MB to 149.9 MB.
Total: 3.901000 ms (FindLiveObjects: 0.324300 ms CreateObjectMapping: 0.104700 ms MarkObjects: 3.434100 ms  DeleteObjects: 0.036700 ms)

AssetImportParameters requested are different than current active one (requested -> active):
  custom:video-decoder-ogg-theora: a1e56fd34408186e4bbccfd4996cb3dc -> 
  custom:container-muxer-webm: aa71ff27fc2769a1b78a27578f13a17b -> 
  custom:container-demuxer-webm: 4f35f7cbe854078d1ac9338744f61a02 -> 
  custom:video-encoder-webm-vp8: eb34c28f22e8b96e1ab97ce403110664 -> 
  custom:audio-encoder-webm-vorbis: bf7c407c2cedff20999df2af8eb42d56 -> 
  custom:framework-win-MediaFoundation: 216162199b28c13a410421893ffa2e32 -> 
  custom:container-demuxer-ogg: 62fdf1f143b41e24485cea50d1cbac27 -> 
  custom:video-decoder-webm-vp8: 9c59270c3fd7afecdb556c50c9e8de78 -> 
  custom:audio-decoder-ogg-vorbis: bf7c407c2cedff20999df2af8eb42d56 -> 
========================================================================
Received Import Request.
  Time since last request: 65.959142 seconds.
  path: Assets/Scripts/TriggerDoor.cs
  artifactKey: Guid(435bb452329b53349bba1a421ac70039) Importer(815301076,1909f56bfc062723c751e8b465ee728b)
Start importing Assets/Scripts/TriggerDoor.cs using Guid(435bb452329b53349bba1a421ac70039) Importer(815301076,1909f56bfc062723c751e8b465ee728b)  -> (artifact id: '018a5e1b3a6d1e504d8da4b0c5e1bd14') in 0.008788 seconds 
========================================================================
Received Prepare
Registering precompiled user dll's ...
Registered in 0.007614 seconds.
Begin MonoManager ReloadAssembly
Symbol file LoadedFromMemory doesn't match image E:\Файлы\UnityProjects\Doors And Puzzles Math Game\Library\PackageCache\com.unity.visualscripting@1.7.8\Editor\VisualScripting.Core\Dependencies\YamlDotNet\Unity.VisualScripting.YamlDotNet.dll
Symbol file LoadedFromMemory doesn't match image E:\Файлы\UnityProjects\Doors And Puzzles Math Game\Library\PackageCache\com.unity.visualscripting@1.7.8\Editor\VisualScripting.Core\Dependencies\DotNetZip\Unity.VisualScripting.IonicZip.dll
Native extension for WindowsStandalone target not found
Native extension for Android target not found
Native extension for WebGL target not found
Refreshing native plugins compatible for Editor in 0.78 ms, found 4 plugins.
Preloading 0 native plugins for Editor in 0.00 ms.
Mono: successfully reloaded assembly
- Completed reload, in  1.337 seconds
Domain Reload Profiling:
	ReloadAssembly (1338ms)
		BeginReloadAssembly (165ms)
			ExecutionOrderSort (0ms)
			DisableScriptedObjects (10ms)
			BackupInstance (0ms)
			ReleaseScriptingObjects (0ms)
			CreateAndSetChildDomain (42ms)
		EndReloadAssembly (1036ms)
			LoadAssemblies (122ms)
			RebuildTransferFunctionScriptingTraits (0ms)
			SetupTypeCache (302ms)
			ReleaseScriptCaches (1ms)
			RebuildScriptCaches (63ms)
			SetupLoadedEditorAssemblies (492ms)
				LogAssemblyErrors (0ms)
				InitializePlatformSupportModulesInManaged (31ms)
				SetLoadedEditorAssemblies (1ms)
				RefreshPlugins (1ms)
				BeforeProcessingInitializeOnLoad (109ms)
				ProcessInitializeOnLoadAttributes (283ms)
				ProcessInitializeOnLoadMethodAttributes (51ms)
				AfterProcessingInitializeOnLoad (17ms)
				EditorAssembliesLoaded (0ms)
			ExecutionOrderSort2 (0ms)
			AwakeInstancesAfterBackupRestoration (10ms)
Platform modules already initialized, skipping
Refreshing native plugins compatible for Editor in 2.97 ms, found 4 plugins.
Preloading 0 native plugins for Editor in 0.00 ms.
Unloading 4029 Unused Serialized files (Serialized files now loaded: 0)
Unloading 25 unused Assets / (24.7 KB). Loaded Objects now: 4519.
Memory consumption went from 149.9 MB to 149.9 MB.
Total: 3.859000 ms (FindLiveObjects: 0.345200 ms CreateObjectMapping: 0.132200 ms MarkObjects: 3.347000 ms  DeleteObjects: 0.033100 ms)

AssetImportParameters requested are different than current active one (requested -> active):
  custom:video-decoder-ogg-theora: a1e56fd34408186e4bbccfd4996cb3dc -> 
  custom:container-muxer-webm: aa71ff27fc2769a1b78a27578f13a17b -> 
  custom:container-demuxer-webm: 4f35f7cbe854078d1ac9338744f61a02 -> 
  custom:video-encoder-webm-vp8: eb34c28f22e8b96e1ab97ce403110664 -> 
  custom:audio-encoder-webm-vorbis: bf7c407c2cedff20999df2af8eb42d56 -> 
  custom:framework-win-MediaFoundation: 216162199b28c13a410421893ffa2e32 -> 
  custom:container-demuxer-ogg: 62fdf1f143b41e24485cea50d1cbac27 -> 
  custom:video-decoder-webm-vp8: 9c59270c3fd7afecdb556c50c9e8de78 -> 
  custom:audio-decoder-ogg-vorbis: bf7c407c2cedff20999df2af8eb42d56 -> 
========================================================================
Received Prepare
Registering precompiled user dll's ...
Registered in 0.008181 seconds.
Begin MonoManager ReloadAssembly
Symbol file LoadedFromMemory doesn't match image E:\Файлы\UnityProjects\Doors And Puzzles Math Game\Library\PackageCache\com.unity.visualscripting@1.7.8\Editor\VisualScripting.Core\Dependencies\YamlDotNet\Unity.VisualScripting.YamlDotNet.dll
Symbol file LoadedFromMemory doesn't match image E:\Файлы\UnityProjects\Doors And Puzzles Math Game\Library\PackageCache\com.unity.visualscripting@1.7.8\Editor\VisualScripting.Core\Dependencies\DotNetZip\Unity.VisualScripting.IonicZip.dll
Native extension for WindowsStandalone target not found
Native extension for Android target not found
Native extension for WebGL target not found
Refreshing native plugins compatible for Editor in 0.81 ms, found 4 plugins.
Preloading 0 native plugins for Editor in 0.00 ms.
Mono: successfully reloaded assembly
- Completed reload, in  1.361 seconds
Domain Reload Profiling:
	ReloadAssembly (1362ms)
		BeginReloadAssembly (169ms)
			ExecutionOrderSort (0ms)
			DisableScriptedObjects (12ms)
			BackupInstance (0ms)
			ReleaseScriptingObjects (0ms)
			CreateAndSetChildDomain (42ms)
		EndReloadAssembly (1049ms)
			LoadAssemblies (119ms)
			RebuildTransferFunctionScriptingTraits (0ms)
			SetupTypeCache (293ms)
			ReleaseScriptCaches (2ms)
			RebuildScriptCaches (72ms)
			SetupLoadedEditorAssemblies (507ms)
				LogAssemblyErrors (0ms)
				InitializePlatformSupportModulesInManaged (35ms)
				SetLoadedEditorAssemblies (1ms)
				RefreshPlugins (1ms)
				BeforeProcessingInitializeOnLoad (114ms)
				ProcessInitializeOnLoadAttributes (290ms)
				ProcessInitializeOnLoadMethodAttributes (50ms)
				AfterProcessingInitializeOnLoad (17ms)
				EditorAssembliesLoaded (0ms)
			ExecutionOrderSort2 (0ms)
			AwakeInstancesAfterBackupRestoration (11ms)
Platform modules already initialized, skipping
Refreshing native plugins compatible for Editor in 2.95 ms, found 4 plugins.
Preloading 0 native plugins for Editor in 0.00 ms.
Unloading 4029 Unused Serialized files (Serialized files now loaded: 0)
Unloading 25 unused Assets / (24.7 KB). Loaded Objects now: 4522.
Memory consumption went from 149.9 MB to 149.9 MB.
Total: 3.972400 ms (FindLiveObjects: 0.361200 ms CreateObjectMapping: 0.110400 ms MarkObjects: 3.465100 ms  DeleteObjects: 0.034800 ms)

AssetImportParameters requested are different than current active one (requested -> active):
  custom:video-decoder-ogg-theora: a1e56fd34408186e4bbccfd4996cb3dc -> 
  custom:container-muxer-webm: aa71ff27fc2769a1b78a27578f13a17b -> 
  custom:container-demuxer-webm: 4f35f7cbe854078d1ac9338744f61a02 -> 
  custom:video-encoder-webm-vp8: eb34c28f22e8b96e1ab97ce403110664 -> 
  custom:audio-encoder-webm-vorbis: bf7c407c2cedff20999df2af8eb42d56 -> 
  custom:framework-win-MediaFoundation: 216162199b28c13a410421893ffa2e32 -> 
  custom:container-demuxer-ogg: 62fdf1f143b41e24485cea50d1cbac27 -> 
  custom:video-decoder-webm-vp8: 9c59270c3fd7afecdb556c50c9e8de78 -> 
  custom:audio-decoder-ogg-vorbis: bf7c407c2cedff20999df2af8eb42d56 -> 
========================================================================
Received Prepare
Registering precompiled user dll's ...
Registered in 0.008133 seconds.
Begin MonoManager ReloadAssembly
Symbol file LoadedFromMemory doesn't match image E:\Файлы\UnityProjects\Doors And Puzzles Math Game\Library\PackageCache\com.unity.visualscripting@1.7.8\Editor\VisualScripting.Core\Dependencies\YamlDotNet\Unity.VisualScripting.YamlDotNet.dll
Symbol file LoadedFromMemory doesn't match image E:\Файлы\UnityProjects\Doors And Puzzles Math Game\Library\PackageCache\com.unity.visualscripting@1.7.8\Editor\VisualScripting.Core\Dependencies\DotNetZip\Unity.VisualScripting.IonicZip.dll
Native extension for WindowsStandalone target not found
Native extension for Android target not found
Native extension for WebGL target not found
Refreshing native plugins compatible for Editor in 0.84 ms, found 4 plugins.
Preloading 0 native plugins for Editor in 0.00 ms.
Mono: successfully reloaded assembly
- Completed reload, in  1.289 seconds
Domain Reload Profiling:
	ReloadAssembly (1290ms)
		BeginReloadAssembly (169ms)
			ExecutionOrderSort (0ms)
			DisableScriptedObjects (10ms)
			BackupInstance (0ms)
			ReleaseScriptingObjects (0ms)
			CreateAndSetChildDomain (44ms)
		EndReloadAssembly (987ms)
			LoadAssemblies (123ms)
			RebuildTransferFunctionScriptingTraits (0ms)
			SetupTypeCache (279ms)
			ReleaseScriptCaches (2ms)
			RebuildScriptCaches (61ms)
			SetupLoadedEditorAssemblies (470ms)
				LogAssemblyErrors (0ms)
				InitializePlatformSupportModulesInManaged (31ms)
				SetLoadedEditorAssemblies (1ms)
				RefreshPlugins (1ms)
				BeforeProcessingInitializeOnLoad (109ms)
				ProcessInitializeOnLoadAttributes (261ms)
				ProcessInitializeOnLoadMethodAttributes (53ms)
				AfterProcessingInitializeOnLoad (14ms)
				EditorAssembliesLoaded (0ms)
			ExecutionOrderSort2 (0ms)
			AwakeInstancesAfterBackupRestoration (10ms)
Platform modules already initialized, skipping
Refreshing native plugins compatible for Editor in 2.50 ms, found 4 plugins.
Preloading 0 native plugins for Editor in 0.00 ms.
Unloading 4029 Unused Serialized files (Serialized files now loaded: 0)
Unloading 25 unused Assets / (24.6 KB). Loaded Objects now: 4525.
Memory consumption went from 149.9 MB to 149.9 MB.
Total: 3.754800 ms (FindLiveObjects: 0.335800 ms CreateObjectMapping: 0.109400 ms MarkObjects: 3.285800 ms  DeleteObjects: 0.022500 ms)

AssetImportParameters requested are different than current active one (requested -> active):
  custom:video-decoder-ogg-theora: a1e56fd34408186e4bbccfd4996cb3dc -> 
  custom:container-muxer-webm: aa71ff27fc2769a1b78a27578f13a17b -> 
  custom:container-demuxer-webm: 4f35f7cbe854078d1ac9338744f61a02 -> 
  custom:video-encoder-webm-vp8: eb34c28f22e8b96e1ab97ce403110664 -> 
  custom:audio-encoder-webm-vorbis: bf7c407c2cedff20999df2af8eb42d56 -> 
  custom:framework-win-MediaFoundation: 216162199b28c13a410421893ffa2e32 -> 
  custom:container-demuxer-ogg: 62fdf1f143b41e24485cea50d1cbac27 -> 
  custom:video-decoder-webm-vp8: 9c59270c3fd7afecdb556c50c9e8de78 -> 
  custom:audio-decoder-ogg-vorbis: bf7c407c2cedff20999df2af8eb42d56 -> 
========================================================================
Received Prepare
Registering precompiled user dll's ...
Registered in 0.008328 seconds.
Begin MonoManager ReloadAssembly
Symbol file LoadedFromMemory doesn't match image E:\Файлы\UnityProjects\Doors And Puzzles Math Game\Library\PackageCache\com.unity.visualscripting@1.7.8\Editor\VisualScripting.Core\Dependencies\YamlDotNet\Unity.VisualScripting.YamlDotNet.dll
Symbol file LoadedFromMemory doesn't match image E:\Файлы\UnityProjects\Doors And Puzzles Math Game\Library\PackageCache\com.unity.visualscripting@1.7.8\Editor\VisualScripting.Core\Dependencies\DotNetZip\Unity.VisualScripting.IonicZip.dll
Native extension for WindowsStandalone target not found
Native extension for Android target not found
Native extension for WebGL target not found
Refreshing native plugins compatible for Editor in 0.85 ms, found 4 plugins.
Preloading 0 native plugins for Editor in 0.00 ms.
Mono: successfully reloaded assembly
- Completed reload, in  1.349 seconds
Domain Reload Profiling:
	ReloadAssembly (1350ms)
		BeginReloadAssembly (168ms)
			ExecutionOrderSort (0ms)
			DisableScriptedObjects (10ms)
			BackupInstance (0ms)
			ReleaseScriptingObjects (0ms)
			CreateAndSetChildDomain (42ms)
		EndReloadAssembly (1052ms)
			LoadAssemblies (123ms)
			RebuildTransferFunctionScriptingTraits (0ms)
			SetupTypeCache (298ms)
			ReleaseScriptCaches (2ms)
			RebuildScriptCaches (67ms)
			SetupLoadedEditorAssemblies (501ms)
				LogAssemblyErrors (0ms)
				InitializePlatformSupportModulesInManaged (32ms)
				SetLoadedEditorAssemblies (1ms)
				RefreshPlugins (1ms)
				BeforeProcessingInitializeOnLoad (114ms)
				ProcessInitializeOnLoadAttributes (285ms)
				ProcessInitializeOnLoadMethodAttributes (52ms)
				AfterProcessingInitializeOnLoad (16ms)
				EditorAssembliesLoaded (0ms)
			ExecutionOrderSort2 (0ms)
			AwakeInstancesAfterBackupRestoration (10ms)
Platform modules already initialized, skipping
Refreshing native plugins compatible for Editor in 3.80 ms, found 4 plugins.
Preloading 0 native plugins for Editor in 0.00 ms.
Unloading 4029 Unused Serialized files (Serialized files now loaded: 0)
Unloading 25 unused Assets / (24.7 KB). Loaded Objects now: 4528.
Memory consumption went from 149.9 MB to 149.9 MB.
Total: 4.238300 ms (FindLiveObjects: 0.322700 ms CreateObjectMapping: 0.101400 ms MarkObjects: 3.776000 ms  DeleteObjects: 0.037200 ms)

AssetImportParameters requested are different than current active one (requested -> active):
  custom:video-decoder-ogg-theora: a1e56fd34408186e4bbccfd4996cb3dc -> 
  custom:container-muxer-webm: aa71ff27fc2769a1b78a27578f13a17b -> 
  custom:container-demuxer-webm: 4f35f7cbe854078d1ac9338744f61a02 -> 
  custom:video-encoder-webm-vp8: eb34c28f22e8b96e1ab97ce403110664 -> 
  custom:audio-encoder-webm-vorbis: bf7c407c2cedff20999df2af8eb42d56 -> 
  custom:framework-win-MediaFoundation: 216162199b28c13a410421893ffa2e32 -> 
  custom:container-demuxer-ogg: 62fdf1f143b41e24485cea50d1cbac27 -> 
  custom:video-decoder-webm-vp8: 9c59270c3fd7afecdb556c50c9e8de78 -> 
  custom:audio-decoder-ogg-vorbis: bf7c407c2cedff20999df2af8eb42d56 -> 
========================================================================
Received Prepare
Registering precompiled user dll's ...
Registered in 0.007162 seconds.
Begin MonoManager ReloadAssembly
Symbol file LoadedFromMemory doesn't match image E:\Файлы\UnityProjects\Doors And Puzzles Math Game\Library\PackageCache\com.unity.visualscripting@1.7.8\Editor\VisualScripting.Core\Dependencies\YamlDotNet\Unity.VisualScripting.YamlDotNet.dll
Symbol file LoadedFromMemory doesn't match image E:\Файлы\UnityProjects\Doors And Puzzles Math Game\Library\PackageCache\com.unity.visualscripting@1.7.8\Editor\VisualScripting.Core\Dependencies\DotNetZip\Unity.VisualScripting.IonicZip.dll
Native extension for WindowsStandalone target not found
Native extension for Android target not found
Native extension for WebGL target not found
Refreshing native plugins compatible for Editor in 0.79 ms, found 4 plugins.
Preloading 0 native plugins for Editor in 0.00 ms.
Mono: successfully reloaded assembly
- Completed reload, in  1.344 seconds
Domain Reload Profiling:
	ReloadAssembly (1345ms)
		BeginReloadAssembly (174ms)
			ExecutionOrderSort (0ms)
			DisableScriptedObjects (10ms)
			BackupInstance (0ms)
			ReleaseScriptingObjects (0ms)
			CreateAndSetChildDomain (43ms)
		EndReloadAssembly (1035ms)
			LoadAssemblies (116ms)
			RebuildTransferFunctionScriptingTraits (0ms)
			SetupTypeCache (300ms)
			ReleaseScriptCaches (2ms)
			RebuildScriptCaches (66ms)
			SetupLoadedEditorAssemblies (488ms)
				LogAssemblyErrors (0ms)
				InitializePlatformSupportModulesInManaged (31ms)
				SetLoadedEditorAssemblies (1ms)
				RefreshPlugins (1ms)
				BeforeProcessingInitializeOnLoad (110ms)
				ProcessInitializeOnLoadAttributes (273ms)
				ProcessInitializeOnLoadMethodAttributes (55ms)
				AfterProcessingInitializeOnLoad (17ms)
				EditorAssembliesLoaded (0ms)
			ExecutionOrderSort2 (0ms)
			AwakeInstancesAfterBackupRestoration (14ms)
Platform modules already initialized, skipping
Refreshing native plugins compatible for Editor in 2.54 ms, found 4 plugins.
Preloading 0 native plugins for Editor in 0.00 ms.
Unloading 4029 Unused Serialized files (Serialized files now loaded: 0)
Unloading 25 unused Assets / (24.6 KB). Loaded Objects now: 4531.
Memory consumption went from 150.0 MB to 149.9 MB.
Total: 3.983700 ms (FindLiveObjects: 0.443100 ms CreateObjectMapping: 0.110900 ms MarkObjects: 3.392300 ms  DeleteObjects: 0.036200 ms)

AssetImportParameters requested are different than current active one (requested -> active):
  custom:video-decoder-ogg-theora: a1e56fd34408186e4bbccfd4996cb3dc -> 
  custom:container-muxer-webm: aa71ff27fc2769a1b78a27578f13a17b -> 
  custom:container-demuxer-webm: 4f35f7cbe854078d1ac9338744f61a02 -> 
  custom:video-encoder-webm-vp8: eb34c28f22e8b96e1ab97ce403110664 -> 
  custom:audio-encoder-webm-vorbis: bf7c407c2cedff20999df2af8eb42d56 -> 
  custom:framework-win-MediaFoundation: 216162199b28c13a410421893ffa2e32 -> 
  custom:container-demuxer-ogg: 62fdf1f143b41e24485cea50d1cbac27 -> 
  custom:video-decoder-webm-vp8: 9c59270c3fd7afecdb556c50c9e8de78 -> 
  custom:audio-decoder-ogg-vorbis: bf7c407c2cedff20999df2af8eb42d56 -> 
========================================================================
Received Prepare
Registering precompiled user dll's ...
Registered in 0.007386 seconds.
Begin MonoManager ReloadAssembly
Symbol file LoadedFromMemory doesn't match image E:\Файлы\UnityProjects\Doors And Puzzles Math Game\Library\PackageCache\com.unity.visualscripting@1.7.8\Editor\VisualScripting.Core\Dependencies\YamlDotNet\Unity.VisualScripting.YamlDotNet.dll
Symbol file LoadedFromMemory doesn't match image E:\Файлы\UnityProjects\Doors And Puzzles Math Game\Library\PackageCache\com.unity.visualscripting@1.7.8\Editor\VisualScripting.Core\Dependencies\DotNetZip\Unity.VisualScripting.IonicZip.dll
Native extension for WindowsStandalone target not found
Native extension for Android target not found
Native extension for WebGL target not found
Refreshing native plugins compatible for Editor in 1.23 ms, found 4 plugins.
Preloading 0 native plugins for Editor in 0.00 ms.
Mono: successfully reloaded assembly
- Completed reload, in  1.399 seconds
Domain Reload Profiling:
	ReloadAssembly (1400ms)
		BeginReloadAssembly (164ms)
			ExecutionOrderSort (0ms)
			DisableScriptedObjects (10ms)
			BackupInstance (0ms)
			ReleaseScriptingObjects (0ms)
			CreateAndSetChildDomain (41ms)
		EndReloadAssembly (1103ms)
			LoadAssemblies (122ms)
			RebuildTransferFunctionScriptingTraits (0ms)
			SetupTypeCache (306ms)
			ReleaseScriptCaches (2ms)
			RebuildScriptCaches (80ms)
			SetupLoadedEditorAssemblies (525ms)
				LogAssemblyErrors (0ms)
				InitializePlatformSupportModulesInManaged (37ms)
				SetLoadedEditorAssemblies (1ms)
				RefreshPlugins (1ms)
				BeforeProcessingInitializeOnLoad (117ms)
				ProcessInitializeOnLoadAttributes (298ms)
				ProcessInitializeOnLoadMethodAttributes (54ms)
				AfterProcessingInitializeOnLoad (16ms)
				EditorAssembliesLoaded (0ms)
			ExecutionOrderSort2 (0ms)
			AwakeInstancesAfterBackupRestoration (10ms)
Platform modules already initialized, skipping
Refreshing native plugins compatible for Editor in 2.98 ms, found 4 plugins.
Preloading 0 native plugins for Editor in 0.00 ms.
Unloading 4029 Unused Serialized files (Serialized files now loaded: 0)
Unloading 25 unused Assets / (24.7 KB). Loaded Objects now: 4534.
Memory consumption went from 150.0 MB to 149.9 MB.
Total: 4.498800 ms (FindLiveObjects: 0.320800 ms CreateObjectMapping: 0.286100 ms MarkObjects: 3.846200 ms  DeleteObjects: 0.044400 ms)

AssetImportParameters requested are different than current active one (requested -> active):
  custom:video-decoder-ogg-theora: a1e56fd34408186e4bbccfd4996cb3dc -> 
  custom:container-muxer-webm: aa71ff27fc2769a1b78a27578f13a17b -> 
  custom:container-demuxer-webm: 4f35f7cbe854078d1ac9338744f61a02 -> 
  custom:video-encoder-webm-vp8: eb34c28f22e8b96e1ab97ce403110664 -> 
  custom:audio-encoder-webm-vorbis: bf7c407c2cedff20999df2af8eb42d56 -> 
  custom:framework-win-MediaFoundation: 216162199b28c13a410421893ffa2e32 -> 
  custom:container-demuxer-ogg: 62fdf1f143b41e24485cea50d1cbac27 -> 
  custom:video-decoder-webm-vp8: 9c59270c3fd7afecdb556c50c9e8de78 -> 
  custom:audio-decoder-ogg-vorbis: bf7c407c2cedff20999df2af8eb42d56 -> 
========================================================================
Received Prepare
Registering precompiled user dll's ...
Registered in 0.007808 seconds.
Begin MonoManager ReloadAssembly
Symbol file LoadedFromMemory doesn't match image E:\Файлы\UnityProjects\Doors And Puzzles Math Game\Library\PackageCache\com.unity.visualscripting@1.7.8\Editor\VisualScripting.Core\Dependencies\YamlDotNet\Unity.VisualScripting.YamlDotNet.dll
Symbol file LoadedFromMemory doesn't match image E:\Файлы\UnityProjects\Doors And Puzzles Math Game\Library\PackageCache\com.unity.visualscripting@1.7.8\Editor\VisualScripting.Core\Dependencies\DotNetZip\Unity.VisualScripting.IonicZip.dll
Native extension for WindowsStandalone target not found
Native extension for Android target not found
Native extension for WebGL target not found
Refreshing native plugins compatible for Editor in 1.31 ms, found 4 plugins.
Preloading 0 native plugins for Editor in 0.00 ms.
Mono: successfully reloaded assembly
- Completed reload, in  1.352 seconds
Domain Reload Profiling:
	ReloadAssembly (1353ms)
		BeginReloadAssembly (178ms)
			ExecutionOrderSort (0ms)
			DisableScriptedObjects (10ms)
			BackupInstance (0ms)
			ReleaseScriptingObjects (0ms)
			CreateAndSetChildDomain (46ms)
		EndReloadAssembly (1017ms)
			LoadAssemblies (119ms)
			RebuildTransferFunctionScriptingTraits (0ms)
			SetupTypeCache (293ms)
			ReleaseScriptCaches (1ms)
			RebuildScriptCaches (65ms)
			SetupLoadedEditorAssemblies (483ms)
				LogAssemblyErrors (0ms)
				InitializePlatformSupportModulesInManaged (36ms)
				SetLoadedEditorAssemblies (1ms)
				RefreshPlugins (1ms)
				BeforeProcessingInitializeOnLoad (112ms)
				ProcessInitializeOnLoadAttributes (267ms)
				ProcessInitializeOnLoadMethodAttributes (51ms)
				AfterProcessingInitializeOnLoad (15ms)
				EditorAssembliesLoaded (0ms)
			ExecutionOrderSort2 (0ms)
			AwakeInstancesAfterBackupRestoration (10ms)
Platform modules already initialized, skipping
Refreshing native plugins compatible for Editor in 2.53 ms, found 4 plugins.
Preloading 0 native plugins for Editor in 0.00 ms.
Unloading 4029 Unused Serialized files (Serialized files now loaded: 0)
Unloading 25 unused Assets / (24.7 KB). Loaded Objects now: 4537.
Memory consumption went from 150.0 MB to 149.9 MB.
Total: 3.670700 ms (FindLiveObjects: 0.318100 ms CreateObjectMapping: 0.100800 ms MarkObjects: 3.221800 ms  DeleteObjects: 0.029000 ms)

AssetImportParameters requested are different than current active one (requested -> active):
  custom:video-decoder-ogg-theora: a1e56fd34408186e4bbccfd4996cb3dc -> 
  custom:container-muxer-webm: aa71ff27fc2769a1b78a27578f13a17b -> 
  custom:container-demuxer-webm: 4f35f7cbe854078d1ac9338744f61a02 -> 
  custom:video-encoder-webm-vp8: eb34c28f22e8b96e1ab97ce403110664 -> 
  custom:audio-encoder-webm-vorbis: bf7c407c2cedff20999df2af8eb42d56 -> 
  custom:framework-win-MediaFoundation: 216162199b28c13a410421893ffa2e32 -> 
  custom:container-demuxer-ogg: 62fdf1f143b41e24485cea50d1cbac27 -> 
  custom:video-decoder-webm-vp8: 9c59270c3fd7afecdb556c50c9e8de78 -> 
  custom:audio-decoder-ogg-vorbis: bf7c407c2cedff20999df2af8eb42d56 -> 
========================================================================
Received Prepare
Registering precompiled user dll's ...
Registered in 0.007534 seconds.
Begin MonoManager ReloadAssembly
Symbol file LoadedFromMemory doesn't match image E:\Файлы\UnityProjects\Doors And Puzzles Math Game\Library\PackageCache\com.unity.visualscripting@1.7.8\Editor\VisualScripting.Core\Dependencies\YamlDotNet\Unity.VisualScripting.YamlDotNet.dll
Symbol file LoadedFromMemory doesn't match image E:\Файлы\UnityProjects\Doors And Puzzles Math Game\Library\PackageCache\com.unity.visualscripting@1.7.8\Editor\VisualScripting.Core\Dependencies\DotNetZip\Unity.VisualScripting.IonicZip.dll
Native extension for WindowsStandalone target not found
Native extension for Android target not found
Native extension for WebGL target not found
Refreshing native plugins compatible for Editor in 0.80 ms, found 4 plugins.
Preloading 0 native plugins for Editor in 0.00 ms.
Mono: successfully reloaded assembly
- Completed reload, in  1.363 seconds
Domain Reload Profiling:
	ReloadAssembly (1364ms)
		BeginReloadAssembly (168ms)
			ExecutionOrderSort (0ms)
			DisableScriptedObjects (10ms)
			BackupInstance (0ms)
			ReleaseScriptingObjects (0ms)
			CreateAndSetChildDomain (41ms)
		EndReloadAssembly (1059ms)
			LoadAssemblies (122ms)
			RebuildTransferFunctionScriptingTraits (0ms)
			SetupTypeCache (301ms)
			ReleaseScriptCaches (2ms)
			RebuildScriptCaches (76ms)
			SetupLoadedEditorAssemblies (495ms)
				LogAssemblyErrors (0ms)
				InitializePlatformSupportModulesInManaged (33ms)
				SetLoadedEditorAssemblies (1ms)
				RefreshPlugins (1ms)
				BeforeProcessingInitializeOnLoad (119ms)
				ProcessInitializeOnLoadAttributes (272ms)
				ProcessInitializeOnLoadMethodAttributes (55ms)
				AfterProcessingInitializeOnLoad (14ms)
				EditorAssembliesLoaded (0ms)
			ExecutionOrderSort2 (0ms)
			AwakeInstancesAfterBackupRestoration (11ms)
Platform modules already initialized, skipping
Refreshing native plugins compatible for Editor in 2.68 ms, found 4 plugins.
Preloading 0 native plugins for Editor in 0.00 ms.
Unloading 4029 Unused Serialized files (Serialized files now loaded: 0)
Unloading 25 unused Assets / (24.7 KB). Loaded Objects now: 4540.
Memory consumption went from 150.0 MB to 149.9 MB.
Total: 3.745600 ms (FindLiveObjects: 0.360000 ms CreateObjectMapping: 0.112000 ms MarkObjects: 3.237000 ms  DeleteObjects: 0.035500 ms)

AssetImportParameters requested are different than current active one (requested -> active):
  custom:video-decoder-ogg-theora: a1e56fd34408186e4bbccfd4996cb3dc -> 
  custom:container-muxer-webm: aa71ff27fc2769a1b78a27578f13a17b -> 
  custom:container-demuxer-webm: 4f35f7cbe854078d1ac9338744f61a02 -> 
  custom:video-encoder-webm-vp8: eb34c28f22e8b96e1ab97ce403110664 -> 
  custom:audio-encoder-webm-vorbis: bf7c407c2cedff20999df2af8eb42d56 -> 
  custom:framework-win-MediaFoundation: 216162199b28c13a410421893ffa2e32 -> 
  custom:container-demuxer-ogg: 62fdf1f143b41e24485cea50d1cbac27 -> 
  custom:video-decoder-webm-vp8: 9c59270c3fd7afecdb556c50c9e8de78 -> 
  custom:audio-decoder-ogg-vorbis: bf7c407c2cedff20999df2af8eb42d56 -> 
========================================================================
Received Prepare
Registering precompiled user dll's ...
Registered in 0.008037 seconds.
Begin MonoManager ReloadAssembly
Symbol file LoadedFromMemory doesn't match image E:\Файлы\UnityProjects\Doors And Puzzles Math Game\Library\PackageCache\com.unity.visualscripting@1.7.8\Editor\VisualScripting.Core\Dependencies\YamlDotNet\Unity.VisualScripting.YamlDotNet.dll
Symbol file LoadedFromMemory doesn't match image E:\Файлы\UnityProjects\Doors And Puzzles Math Game\Library\PackageCache\com.unity.visualscripting@1.7.8\Editor\VisualScripting.Core\Dependencies\DotNetZip\Unity.VisualScripting.IonicZip.dll
Native extension for WindowsStandalone target not found
Native extension for Android target not found
Native extension for WebGL target not found
Refreshing native plugins compatible for Editor in 0.81 ms, found 4 plugins.
Preloading 0 native plugins for Editor in 0.00 ms.
Mono: successfully reloaded assembly
- Completed reload, in  1.338 seconds
Domain Reload Profiling:
	ReloadAssembly (1339ms)
		BeginReloadAssembly (163ms)
			ExecutionOrderSort (0ms)
			DisableScriptedObjects (10ms)
			BackupInstance (0ms)
			ReleaseScriptingObjects (0ms)
			CreateAndSetChildDomain (41ms)
		EndReloadAssembly (1038ms)
			LoadAssemblies (115ms)
			RebuildTransferFunctionScriptingTraits (0ms)
			SetupTypeCache (301ms)
			ReleaseScriptCaches (2ms)
			RebuildScriptCaches (68ms)
			SetupLoadedEditorAssemblies (493ms)
				LogAssemblyErrors (0ms)
				InitializePlatformSupportModulesInManaged (32ms)
				SetLoadedEditorAssemblies (1ms)
				RefreshPlugins (1ms)
				BeforeProcessingInitializeOnLoad (114ms)
				ProcessInitializeOnLoadAttributes (282ms)
				ProcessInitializeOnLoadMethodAttributes (50ms)
				AfterProcessingInitializeOnLoad (14ms)
				EditorAssembliesLoaded (0ms)
			ExecutionOrderSort2 (0ms)
			AwakeInstancesAfterBackupRestoration (10ms)
Platform modules already initialized, skipping
Refreshing native plugins compatible for Editor in 2.61 ms, found 4 plugins.
Preloading 0 native plugins for Editor in 0.00 ms.
Unloading 4029 Unused Serialized files (Serialized files now loaded: 0)
Unloading 25 unused Assets / (24.6 KB). Loaded Objects now: 4543.
Memory consumption went from 150.0 MB to 150.0 MB.
Total: 3.954000 ms (FindLiveObjects: 0.338900 ms CreateObjectMapping: 0.104800 ms MarkObjects: 3.476900 ms  DeleteObjects: 0.031900 ms)

AssetImportParameters requested are different than current active one (requested -> active):
  custom:video-decoder-ogg-theora: a1e56fd34408186e4bbccfd4996cb3dc -> 
  custom:container-muxer-webm: aa71ff27fc2769a1b78a27578f13a17b -> 
  custom:container-demuxer-webm: 4f35f7cbe854078d1ac9338744f61a02 -> 
  custom:video-encoder-webm-vp8: eb34c28f22e8b96e1ab97ce403110664 -> 
  custom:audio-encoder-webm-vorbis: bf7c407c2cedff20999df2af8eb42d56 -> 
  custom:framework-win-MediaFoundation: 216162199b28c13a410421893ffa2e32 -> 
  custom:container-demuxer-ogg: 62fdf1f143b41e24485cea50d1cbac27 -> 
  custom:video-decoder-webm-vp8: 9c59270c3fd7afecdb556c50c9e8de78 -> 
  custom:audio-decoder-ogg-vorbis: bf7c407c2cedff20999df2af8eb42d56 -> 
========================================================================
Received Prepare
Registering precompiled user dll's ...
Registered in 0.007518 seconds.
Begin MonoManager ReloadAssembly
Symbol file LoadedFromMemory doesn't match image E:\Файлы\UnityProjects\Doors And Puzzles Math Game\Library\PackageCache\com.unity.visualscripting@1.7.8\Editor\VisualScripting.Core\Dependencies\YamlDotNet\Unity.VisualScripting.YamlDotNet.dll
Symbol file LoadedFromMemory doesn't match image E:\Файлы\UnityProjects\Doors And Puzzles Math Game\Library\PackageCache\com.unity.visualscripting@1.7.8\Editor\VisualScripting.Core\Dependencies\DotNetZip\Unity.VisualScripting.IonicZip.dll
Native extension for WindowsStandalone target not found
Native extension for Android target not found
Native extension for WebGL target not found
Refreshing native plugins compatible for Editor in 0.82 ms, found 4 plugins.
Preloading 0 native plugins for Editor in 0.00 ms.
Mono: successfully reloaded assembly
- Completed reload, in  1.345 seconds
Domain Reload Profiling:
	ReloadAssembly (1346ms)
		BeginReloadAssembly (165ms)
			ExecutionOrderSort (0ms)
			DisableScriptedObjects (10ms)
			BackupInstance (0ms)
			ReleaseScriptingObjects (0ms)
			CreateAndSetChildDomain (41ms)
		EndReloadAssembly (1047ms)
			LoadAssemblies (115ms)
			RebuildTransferFunctionScriptingTraits (0ms)
			SetupTypeCache (303ms)
			ReleaseScriptCaches (2ms)
			RebuildScriptCaches (64ms)
			SetupLoadedEditorAssemblies (500ms)
				LogAssemblyErrors (0ms)
				InitializePlatformSupportModulesInManaged (31ms)
				SetLoadedEditorAssemblies (1ms)
				RefreshPlugins (1ms)
				BeforeProcessingInitializeOnLoad (108ms)
				ProcessInitializeOnLoadAttributes (286ms)
				ProcessInitializeOnLoadMethodAttributes (57ms)
				AfterProcessingInitializeOnLoad (16ms)
				EditorAssembliesLoaded (0ms)
			ExecutionOrderSort2 (0ms)
			AwakeInstancesAfterBackupRestoration (10ms)
Platform modules already initialized, skipping
Refreshing native plugins compatible for Editor in 2.53 ms, found 4 plugins.
Preloading 0 native plugins for Editor in 0.00 ms.
Unloading 4029 Unused Serialized files (Serialized files now loaded: 0)
Unloading 25 unused Assets / (24.6 KB). Loaded Objects now: 4546.
Memory consumption went from 150.0 MB to 150.0 MB.
Total: 3.762200 ms (FindLiveObjects: 0.336100 ms CreateObjectMapping: 0.104600 ms MarkObjects: 3.276800 ms  DeleteObjects: 0.043200 ms)

AssetImportParameters requested are different than current active one (requested -> active):
  custom:video-decoder-ogg-theora: a1e56fd34408186e4bbccfd4996cb3dc -> 
  custom:container-muxer-webm: aa71ff27fc2769a1b78a27578f13a17b -> 
  custom:container-demuxer-webm: 4f35f7cbe854078d1ac9338744f61a02 -> 
  custom:video-encoder-webm-vp8: eb34c28f22e8b96e1ab97ce403110664 -> 
  custom:audio-encoder-webm-vorbis: bf7c407c2cedff20999df2af8eb42d56 -> 
  custom:framework-win-MediaFoundation: 216162199b28c13a410421893ffa2e32 -> 
  custom:container-demuxer-ogg: 62fdf1f143b41e24485cea50d1cbac27 -> 
  custom:video-decoder-webm-vp8: 9c59270c3fd7afecdb556c50c9e8de78 -> 
  custom:audio-decoder-ogg-vorbis: bf7c407c2cedff20999df2af8eb42d56 -> 
========================================================================
Received Prepare
Registering precompiled user dll's ...
Registered in 0.008833 seconds.
Begin MonoManager ReloadAssembly
Symbol file LoadedFromMemory doesn't match image E:\Файлы\UnityProjects\Doors And Puzzles Math Game\Library\PackageCache\com.unity.visualscripting@1.7.8\Editor\VisualScripting.Core\Dependencies\YamlDotNet\Unity.VisualScripting.YamlDotNet.dll
Symbol file LoadedFromMemory doesn't match image E:\Файлы\UnityProjects\Doors And Puzzles Math Game\Library\PackageCache\com.unity.visualscripting@1.7.8\Editor\VisualScripting.Core\Dependencies\DotNetZip\Unity.VisualScripting.IonicZip.dll
Native extension for WindowsStandalone target not found
Native extension for Android target not found
Native extension for WebGL target not found
Refreshing native plugins compatible for Editor in 0.90 ms, found 4 plugins.
Preloading 0 native plugins for Editor in 0.00 ms.
Mono: successfully reloaded assembly
- Completed reload, in  1.377 seconds
Domain Reload Profiling:
	ReloadAssembly (1378ms)
		BeginReloadAssembly (169ms)
			ExecutionOrderSort (0ms)
			DisableScriptedObjects (11ms)
			BackupInstance (0ms)
			ReleaseScriptingObjects (0ms)
			CreateAndSetChildDomain (41ms)
		EndReloadAssembly (1069ms)
			LoadAssemblies (118ms)
			RebuildTransferFunctionScriptingTraits (0ms)
			SetupTypeCache (305ms)
			ReleaseScriptCaches (1ms)
			RebuildScriptCaches (71ms)
			SetupLoadedEditorAssemblies (518ms)
				LogAssemblyErrors (0ms)
				InitializePlatformSupportModulesInManaged (31ms)
				SetLoadedEditorAssemblies (1ms)
				RefreshPlugins (1ms)
				BeforeProcessingInitializeOnLoad (124ms)
				ProcessInitializeOnLoadAttributes (288ms)
				ProcessInitializeOnLoadMethodAttributes (57ms)
				AfterProcessingInitializeOnLoad (15ms)
				EditorAssembliesLoaded (0ms)
			ExecutionOrderSort2 (0ms)
			AwakeInstancesAfterBackupRestoration (11ms)
Platform modules already initialized, skipping
Refreshing native plugins compatible for Editor in 3.23 ms, found 4 plugins.
Preloading 0 native plugins for Editor in 0.00 ms.
Unloading 4029 Unused Serialized files (Serialized files now loaded: 0)
Unloading 25 unused Assets / (24.7 KB). Loaded Objects now: 4549.
Memory consumption went from 150.0 MB to 150.0 MB.
Total: 4.117100 ms (FindLiveObjects: 0.379000 ms CreateObjectMapping: 0.105800 ms MarkObjects: 3.591600 ms  DeleteObjects: 0.039600 ms)

AssetImportParameters requested are different than current active one (requested -> active):
  custom:video-decoder-ogg-theora: a1e56fd34408186e4bbccfd4996cb3dc -> 
  custom:container-muxer-webm: aa71ff27fc2769a1b78a27578f13a17b -> 
  custom:container-demuxer-webm: 4f35f7cbe854078d1ac9338744f61a02 -> 
  custom:video-encoder-webm-vp8: eb34c28f22e8b96e1ab97ce403110664 -> 
  custom:audio-encoder-webm-vorbis: bf7c407c2cedff20999df2af8eb42d56 -> 
  custom:framework-win-MediaFoundation: 216162199b28c13a410421893ffa2e32 -> 
  custom:container-demuxer-ogg: 62fdf1f143b41e24485cea50d1cbac27 -> 
  custom:video-decoder-webm-vp8: 9c59270c3fd7afecdb556c50c9e8de78 -> 
  custom:audio-decoder-ogg-vorbis: bf7c407c2cedff20999df2af8eb42d56 -> 
========================================================================
Received Prepare
Registering precompiled user dll's ...
Registered in 0.008652 seconds.
Begin MonoManager ReloadAssembly
Symbol file LoadedFromMemory doesn't match image E:\Файлы\UnityProjects\Doors And Puzzles Math Game\Library\PackageCache\com.unity.visualscripting@1.7.8\Editor\VisualScripting.Core\Dependencies\YamlDotNet\Unity.VisualScripting.YamlDotNet.dll
Symbol file LoadedFromMemory doesn't match image E:\Файлы\UnityProjects\Doors And Puzzles Math Game\Library\PackageCache\com.unity.visualscripting@1.7.8\Editor\VisualScripting.Core\Dependencies\DotNetZip\Unity.VisualScripting.IonicZip.dll
Native extension for WindowsStandalone target not found
Native extension for Android target not found
Native extension for WebGL target not found
Refreshing native plugins compatible for Editor in 1.09 ms, found 4 plugins.
Preloading 0 native plugins for Editor in 0.00 ms.
Mono: successfully reloaded assembly
- Completed reload, in  1.345 seconds
Domain Reload Profiling:
	ReloadAssembly (1346ms)
		BeginReloadAssembly (163ms)
			ExecutionOrderSort (0ms)
			DisableScriptedObjects (11ms)
			BackupInstance (0ms)
			ReleaseScriptingObjects (0ms)
			CreateAndSetChildDomain (43ms)
		EndReloadAssembly (1047ms)
			LoadAssemblies (113ms)
			RebuildTransferFunctionScriptingTraits (0ms)
			SetupTypeCache (312ms)
			ReleaseScriptCaches (2ms)
			RebuildScriptCaches (66ms)
			SetupLoadedEditorAssemblies (493ms)
				LogAssemblyErrors (0ms)
				InitializePlatformSupportModulesInManaged (35ms)
				SetLoadedEditorAssemblies (1ms)
				RefreshPlugins (1ms)
				BeforeProcessingInitializeOnLoad (111ms)
				ProcessInitializeOnLoadAttributes (278ms)
				ProcessInitializeOnLoadMethodAttributes (53ms)
				AfterProcessingInitializeOnLoad (15ms)
				EditorAssembliesLoaded (0ms)
			ExecutionOrderSort2 (0ms)
			AwakeInstancesAfterBackupRestoration (12ms)
Platform modules already initialized, skipping
Refreshing native plugins compatible for Editor in 2.76 ms, found 4 plugins.
Preloading 0 native plugins for Editor in 0.00 ms.
Unloading 4029 Unused Serialized files (Serialized files now loaded: 0)
Unloading 25 unused Assets / (24.6 KB). Loaded Objects now: 4552.
Memory consumption went from 150.0 MB to 150.0 MB.
Total: 4.187500 ms (FindLiveObjects: 0.428100 ms CreateObjectMapping: 0.210100 ms MarkObjects: 3.506100 ms  DeleteObjects: 0.041900 ms)

AssetImportParameters requested are different than current active one (requested -> active):
  custom:video-decoder-ogg-theora: a1e56fd34408186e4bbccfd4996cb3dc -> 
  custom:container-muxer-webm: aa71ff27fc2769a1b78a27578f13a17b -> 
  custom:container-demuxer-webm: 4f35f7cbe854078d1ac9338744f61a02 -> 
  custom:video-encoder-webm-vp8: eb34c28f22e8b96e1ab97ce403110664 -> 
  custom:audio-encoder-webm-vorbis: bf7c407c2cedff20999df2af8eb42d56 -> 
  custom:framework-win-MediaFoundation: 216162199b28c13a410421893ffa2e32 -> 
  custom:container-demuxer-ogg: 62fdf1f143b41e24485cea50d1cbac27 -> 
  custom:video-decoder-webm-vp8: 9c59270c3fd7afecdb556c50c9e8de78 -> 
  custom:audio-decoder-ogg-vorbis: bf7c407c2cedff20999df2af8eb42d56 -> 
========================================================================
Received Prepare
Registering precompiled user dll's ...
Registered in 0.008638 seconds.
Begin MonoManager ReloadAssembly
Symbol file LoadedFromMemory doesn't match image E:\Файлы\UnityProjects\Doors And Puzzles Math Game\Library\PackageCache\com.unity.visualscripting@1.7.8\Editor\VisualScripting.Core\Dependencies\YamlDotNet\Unity.VisualScripting.YamlDotNet.dll
Symbol file LoadedFromMemory doesn't match image E:\Файлы\UnityProjects\Doors And Puzzles Math Game\Library\PackageCache\com.unity.visualscripting@1.7.8\Editor\VisualScripting.Core\Dependencies\DotNetZip\Unity.VisualScripting.IonicZip.dll
Native extension for WindowsStandalone target not found
Native extension for Android target not found
Native extension for WebGL target not found
Refreshing native plugins compatible for Editor in 1.43 ms, found 4 plugins.
Preloading 0 native plugins for Editor in 0.00 ms.
Mono: successfully reloaded assembly
- Completed reload, in  1.564 seconds
Domain Reload Profiling:
	ReloadAssembly (1565ms)
		BeginReloadAssembly (187ms)
			ExecutionOrderSort (0ms)
			DisableScriptedObjects (10ms)
			BackupInstance (0ms)
			ReleaseScriptingObjects (0ms)
			CreateAndSetChildDomain (48ms)
		EndReloadAssembly (1238ms)
			LoadAssemblies (126ms)
			RebuildTransferFunctionScriptingTraits (0ms)
			SetupTypeCache (338ms)
			ReleaseScriptCaches (2ms)
			RebuildScriptCaches (75ms)
			SetupLoadedEditorAssemblies (625ms)
				LogAssemblyErrors (0ms)
				InitializePlatformSupportModulesInManaged (36ms)
				SetLoadedEditorAssemblies (1ms)
				RefreshPlugins (2ms)
				BeforeProcessingInitializeOnLoad (145ms)
				ProcessInitializeOnLoadAttributes (365ms)
				ProcessInitializeOnLoadMethodAttributes (60ms)
				AfterProcessingInitializeOnLoad (17ms)
				EditorAssembliesLoaded (1ms)
			ExecutionOrderSort2 (0ms)
			AwakeInstancesAfterBackupRestoration (13ms)
Platform modules already initialized, skipping
Refreshing native plugins compatible for Editor in 2.80 ms, found 4 plugins.
Preloading 0 native plugins for Editor in 0.00 ms.
Unloading 4029 Unused Serialized files (Serialized files now loaded: 0)
Unloading 25 unused Assets / (24.6 KB). Loaded Objects now: 4555.
Memory consumption went from 150.0 MB to 150.0 MB.
Total: 3.873900 ms (FindLiveObjects: 0.340200 ms CreateObjectMapping: 0.102700 ms MarkObjects: 3.390800 ms  DeleteObjects: 0.039100 ms)

AssetImportParameters requested are different than current active one (requested -> active):
  custom:video-decoder-ogg-theora: a1e56fd34408186e4bbccfd4996cb3dc -> 
  custom:container-muxer-webm: aa71ff27fc2769a1b78a27578f13a17b -> 
  custom:container-demuxer-webm: 4f35f7cbe854078d1ac9338744f61a02 -> 
  custom:video-encoder-webm-vp8: eb34c28f22e8b96e1ab97ce403110664 -> 
  custom:audio-encoder-webm-vorbis: bf7c407c2cedff20999df2af8eb42d56 -> 
  custom:framework-win-MediaFoundation: 216162199b28c13a410421893ffa2e32 -> 
  custom:container-demuxer-ogg: 62fdf1f143b41e24485cea50d1cbac27 -> 
  custom:video-decoder-webm-vp8: 9c59270c3fd7afecdb556c50c9e8de78 -> 
  custom:audio-decoder-ogg-vorbis: bf7c407c2cedff20999df2af8eb42d56 -> 
========================================================================
Received Prepare
Registering precompiled user dll's ...
Registered in 0.007139 seconds.
Begin MonoManager ReloadAssembly
Symbol file LoadedFromMemory doesn't match image E:\Файлы\UnityProjects\Doors And Puzzles Math Game\Library\PackageCache\com.unity.visualscripting@1.7.8\Editor\VisualScripting.Core\Dependencies\YamlDotNet\Unity.VisualScripting.YamlDotNet.dll
Symbol file LoadedFromMemory doesn't match image E:\Файлы\UnityProjects\Doors And Puzzles Math Game\Library\PackageCache\com.unity.visualscripting@1.7.8\Editor\VisualScripting.Core\Dependencies\DotNetZip\Unity.VisualScripting.IonicZip.dll
Native extension for WindowsStandalone target not found
Native extension for Android target not found
Native extension for WebGL target not found
Refreshing native plugins compatible for Editor in 1.07 ms, found 4 plugins.
Preloading 0 native plugins for Editor in 0.00 ms.
Mono: successfully reloaded assembly
- Completed reload, in  1.348 seconds
Domain Reload Profiling:
	ReloadAssembly (1349ms)
		BeginReloadAssembly (167ms)
			ExecutionOrderSort (0ms)
			DisableScriptedObjects (12ms)
			BackupInstance (0ms)
			ReleaseScriptingObjects (0ms)
			CreateAndSetChildDomain (40ms)
		EndReloadAssembly (1053ms)
			LoadAssemblies (117ms)
			RebuildTransferFunctionScriptingTraits (0ms)
			SetupTypeCache (310ms)
			ReleaseScriptCaches (1ms)
			RebuildScriptCaches (66ms)
			SetupLoadedEditorAssemblies (500ms)
				LogAssemblyErrors (0ms)
				InitializePlatformSupportModulesInManaged (34ms)
				SetLoadedEditorAssemblies (1ms)
				RefreshPlugins (1ms)
				BeforeProcessingInitializeOnLoad (113ms)
				ProcessInitializeOnLoadAttributes (283ms)
				ProcessInitializeOnLoadMethodAttributes (53ms)
				AfterProcessingInitializeOnLoad (16ms)
				EditorAssembliesLoaded (0ms)
			ExecutionOrderSort2 (0ms)
			AwakeInstancesAfterBackupRestoration (10ms)
Platform modules already initialized, skipping
Refreshing native plugins compatible for Editor in 3.10 ms, found 4 plugins.
Preloading 0 native plugins for Editor in 0.00 ms.
Unloading 4029 Unused Serialized files (Serialized files now loaded: 0)
Unloading 25 unused Assets / (24.7 KB). Loaded Objects now: 4558.
Memory consumption went from 150.0 MB to 150.0 MB.
Total: 4.294400 ms (FindLiveObjects: 0.342800 ms CreateObjectMapping: 0.133800 ms MarkObjects: 3.774500 ms  DeleteObjects: 0.042200 ms)

AssetImportParameters requested are different than current active one (requested -> active):
  custom:video-decoder-ogg-theora: a1e56fd34408186e4bbccfd4996cb3dc -> 
  custom:container-muxer-webm: aa71ff27fc2769a1b78a27578f13a17b -> 
  custom:container-demuxer-webm: 4f35f7cbe854078d1ac9338744f61a02 -> 
  custom:video-encoder-webm-vp8: eb34c28f22e8b96e1ab97ce403110664 -> 
  custom:audio-encoder-webm-vorbis: bf7c407c2cedff20999df2af8eb42d56 -> 
  custom:framework-win-MediaFoundation: 216162199b28c13a410421893ffa2e32 -> 
  custom:container-demuxer-ogg: 62fdf1f143b41e24485cea50d1cbac27 -> 
  custom:video-decoder-webm-vp8: 9c59270c3fd7afecdb556c50c9e8de78 -> 
  custom:audio-decoder-ogg-vorbis: bf7c407c2cedff20999df2af8eb42d56 -> 
========================================================================
Received Prepare
Registering precompiled user dll's ...
Registered in 0.010500 seconds.
Begin MonoManager ReloadAssembly
Symbol file LoadedFromMemory doesn't match image E:\Файлы\UnityProjects\Doors And Puzzles Math Game\Library\PackageCache\com.unity.visualscripting@1.7.8\Editor\VisualScripting.Core\Dependencies\YamlDotNet\Unity.VisualScripting.YamlDotNet.dll
Symbol file LoadedFromMemory doesn't match image E:\Файлы\UnityProjects\Doors And Puzzles Math Game\Library\PackageCache\com.unity.visualscripting@1.7.8\Editor\VisualScripting.Core\Dependencies\DotNetZip\Unity.VisualScripting.IonicZip.dll
Native extension for WindowsStandalone target not found
Native extension for Android target not found
Native extension for WebGL target not found
Refreshing native plugins compatible for Editor in 1.12 ms, found 4 plugins.
Preloading 0 native plugins for Editor in 0.00 ms.
Mono: successfully reloaded assembly
- Completed reload, in  1.360 seconds
Domain Reload Profiling:
	ReloadAssembly (1361ms)
		BeginReloadAssembly (169ms)
			ExecutionOrderSort (0ms)
			DisableScriptedObjects (13ms)
			BackupInstance (0ms)
			ReleaseScriptingObjects (0ms)
			CreateAndSetChildDomain (42ms)
		EndReloadAssembly (1056ms)
			LoadAssemblies (118ms)
			RebuildTransferFunctionScriptingTraits (0ms)
			SetupTypeCache (307ms)
			ReleaseScriptCaches (2ms)
			RebuildScriptCaches (68ms)
			SetupLoadedEditorAssemblies (502ms)
				LogAssemblyErrors (0ms)
				InitializePlatformSupportModulesInManaged (38ms)
				SetLoadedEditorAssemblies (1ms)
				RefreshPlugins (1ms)
				BeforeProcessingInitializeOnLoad (114ms)
				ProcessInitializeOnLoadAttributes (279ms)
				ProcessInitializeOnLoadMethodAttributes (55ms)
				AfterProcessingInitializeOnLoad (15ms)
				EditorAssembliesLoaded (0ms)
			ExecutionOrderSort2 (0ms)
			AwakeInstancesAfterBackupRestoration (10ms)
Platform modules already initialized, skipping
Refreshing native plugins compatible for Editor in 2.83 ms, found 4 plugins.
Preloading 0 native plugins for Editor in 0.00 ms.
Unloading 4029 Unused Serialized files (Serialized files now loaded: 0)
Unloading 25 unused Assets / (24.7 KB). Loaded Objects now: 4561.
Memory consumption went from 150.0 MB to 150.0 MB.
Total: 3.798900 ms (FindLiveObjects: 0.438600 ms CreateObjectMapping: 0.113100 ms MarkObjects: 3.212700 ms  DeleteObjects: 0.033400 ms)

AssetImportParameters requested are different than current active one (requested -> active):
  custom:video-decoder-ogg-theora: a1e56fd34408186e4bbccfd4996cb3dc -> 
  custom:container-muxer-webm: aa71ff27fc2769a1b78a27578f13a17b -> 
  custom:container-demuxer-webm: 4f35f7cbe854078d1ac9338744f61a02 -> 
  custom:video-encoder-webm-vp8: eb34c28f22e8b96e1ab97ce403110664 -> 
  custom:audio-encoder-webm-vorbis: bf7c407c2cedff20999df2af8eb42d56 -> 
  custom:framework-win-MediaFoundation: 216162199b28c13a410421893ffa2e32 -> 
  custom:container-demuxer-ogg: 62fdf1f143b41e24485cea50d1cbac27 -> 
  custom:video-decoder-webm-vp8: 9c59270c3fd7afecdb556c50c9e8de78 -> 
  custom:audio-decoder-ogg-vorbis: bf7c407c2cedff20999df2af8eb42d56 -> 
========================================================================
Received Import Request.
  Time since last request: 1242.458332 seconds.
  path: Assets/Scripts/Dialog
  artifactKey: Guid(352eb62b45ee8ff4dbfdf1c627ea0b07) Importer(815301076,1909f56bfc062723c751e8b465ee728b)
Start importing Assets/Scripts/Dialog using Guid(352eb62b45ee8ff4dbfdf1c627ea0b07) Importer(815301076,1909f56bfc062723c751e8b465ee728b)  -> (artifact id: '7f7b705f87ec118c698e434e1753790f') in 0.017226 seconds 
========================================================================
Received Import Request.
  Time since last request: 57.188801 seconds.
  path: Assets/Scripts/Dialog/DialogZone.cs
  artifactKey: Guid(c65df8dbdb3b95349be520857846b3cf) Importer(815301076,1909f56bfc062723c751e8b465ee728b)
Start importing Assets/Scripts/Dialog/DialogZone.cs using Guid(c65df8dbdb3b95349be520857846b3cf) Importer(815301076,1909f56bfc062723c751e8b465ee728b)  -> (artifact id: 'c7dce1bef81ae226a1f0e60d13baa000') in 0.012055 seconds 
========================================================================
Received Import Request.
  Time since last request: 9.089772 seconds.
  path: Assets/Scripts/Dialog/Dialog.cs
  artifactKey: Guid(f98a0d5129b93f841b4517950ec552c2) Importer(815301076,1909f56bfc062723c751e8b465ee728b)
Start importing Assets/Scripts/Dialog/Dialog.cs using Guid(f98a0d5129b93f841b4517950ec552c2) Importer(815301076,1909f56bfc062723c751e8b465ee728b)  -> (artifact id: 'd4ba1e829bd3999ed90786d4afd56e72') in 0.002187 seconds 
========================================================================
Received Import Request.
  Time since last request: 0.757752 seconds.
  path: Assets/Scripts/Dialog/DialogManager.cs
  artifactKey: Guid(1c18dc40bbf894d48957c1aef36a1964) Importer(815301076,1909f56bfc062723c751e8b465ee728b)
Start importing Assets/Scripts/Dialog/DialogManager.cs using Guid(1c18dc40bbf894d48957c1aef36a1964) Importer(815301076,1909f56bfc062723c751e8b465ee728b)  -> (artifact id: '0769fc4856d7821427608cfdb54f31e5') in 0.010657 seconds 
========================================================================
Received Import Request.
  Time since last request: 49.047921 seconds.
  path: Assets/Scripts/Dialog/DialogueScript.cs
  artifactKey: Guid(2069ff561d096f643a8b4a656fb6c6ee) Importer(815301076,1909f56bfc062723c751e8b465ee728b)
Start importing Assets/Scripts/Dialog/DialogueScript.cs using Guid(2069ff561d096f643a8b4a656fb6c6ee) Importer(815301076,1909f56bfc062723c751e8b465ee728b)  -> (artifact id: 'd9754d5e3d9c11f60ef1c033a085d1d5') in 0.011203 seconds 
========================================================================
Received Import Request.
  Time since last request: 1.482090 seconds.
  path: Assets/Scripts/Dialog/DialogPoint.cs
  artifactKey: Guid(13df586157a99c44f95ca5dbdd9445cd) Importer(815301076,1909f56bfc062723c751e8b465ee728b)
Start importing Assets/Scripts/Dialog/DialogPoint.cs using Guid(13df586157a99c44f95ca5dbdd9445cd) Importer(815301076,1909f56bfc062723c751e8b465ee728b)  -> (artifact id: '62eb89caaa954cf0edb2aaff0e251afd') in 0.011198 seconds 
========================================================================
Received Import Request.
  Time since last request: 69.117644 seconds.
  path: Assets/Scripts/UIController.cs
  artifactKey: Guid(3740a4dd18e27da458cf7831913254b0) Importer(815301076,1909f56bfc062723c751e8b465ee728b)
Start importing Assets/Scripts/UIController.cs using Guid(3740a4dd18e27da458cf7831913254b0) Importer(815301076,1909f56bfc062723c751e8b465ee728b)  -> (artifact id: '09e4a3f82e5016c387b3a78c4b2e1bb6') in 0.010726 seconds 
========================================================================
Received Import Request.
  Time since last request: 53.774859 seconds.
  path: Assets/Scripts/UIController.cs
  artifactKey: Guid(3740a4dd18e27da458cf7831913254b0) Importer(815301076,1909f56bfc062723c751e8b465ee728b)
Start importing Assets/Scripts/UIController.cs using Guid(3740a4dd18e27da458cf7831913254b0) Importer(815301076,1909f56bfc062723c751e8b465ee728b)  -> (artifact id: '70e5e984f9b3c1e933b9f92cfdf16430') in 0.002563 seconds 
========================================================================
Received Import Request.
  Time since last request: 23.562147 seconds.
  path: Assets/Scripts/Fade.cs
  artifactKey: Guid(3b379cef427918a4da40aa14d0e7c49c) Importer(815301076,1909f56bfc062723c751e8b465ee728b)
Start importing Assets/Scripts/Fade.cs using Guid(3b379cef427918a4da40aa14d0e7c49c) Importer(815301076,1909f56bfc062723c751e8b465ee728b)  -> (artifact id: 'f6b46ca93d7296d7482b2cafe9fa67dc') in 0.010961 seconds 
========================================================================
Received Import Request.
  Time since last request: 48.167466 seconds.
  path: Assets/Scripts/UIController.cs
  artifactKey: Guid(3740a4dd18e27da458cf7831913254b0) Importer(815301076,1909f56bfc062723c751e8b465ee728b)
Start importing Assets/Scripts/UIController.cs using Guid(3740a4dd18e27da458cf7831913254b0) Importer(815301076,1909f56bfc062723c751e8b465ee728b)  -> (artifact id: '13263e89dc381cf782522a9439febea4') in 0.002515 seconds 
========================================================================
Received Import Request.
  Time since last request: 6.999803 seconds.
  path: Assets/Scripts/UIController.cs
  artifactKey: Guid(3740a4dd18e27da458cf7831913254b0) Importer(815301076,1909f56bfc062723c751e8b465ee728b)
Start importing Assets/Scripts/UIController.cs using Guid(3740a4dd18e27da458cf7831913254b0) Importer(815301076,1909f56bfc062723c751e8b465ee728b)  -> (artifact id: '8b5465a04c37faaffa07ae23b638e6c9') in 0.002465 seconds 
========================================================================
Received Import Request.
  Time since last request: 4.107014 seconds.
  path: Assets/Scripts/UIController.cs
  artifactKey: Guid(3740a4dd18e27da458cf7831913254b0) Importer(815301076,1909f56bfc062723c751e8b465ee728b)
Start importing Assets/Scripts/UIController.cs using Guid(3740a4dd18e27da458cf7831913254b0) Importer(815301076,1909f56bfc062723c751e8b465ee728b)  -> (artifact id: '90274a3462dce159c87bac1c13eab170') in 0.002630 seconds 
========================================================================
Received Prepare
Registering precompiled user dll's ...
Registered in 0.007849 seconds.
Begin MonoManager ReloadAssembly
Symbol file LoadedFromMemory doesn't match image E:\Файлы\UnityProjects\Doors And Puzzles Math Game\Library\PackageCache\com.unity.visualscripting@1.7.8\Editor\VisualScripting.Core\Dependencies\YamlDotNet\Unity.VisualScripting.YamlDotNet.dll
Symbol file LoadedFromMemory doesn't match image E:\Файлы\UnityProjects\Doors And Puzzles Math Game\Library\PackageCache\com.unity.visualscripting@1.7.8\Editor\VisualScripting.Core\Dependencies\DotNetZip\Unity.VisualScripting.IonicZip.dll
Native extension for WindowsStandalone target not found
Native extension for Android target not found
Native extension for WebGL target not found
Refreshing native plugins compatible for Editor in 0.80 ms, found 4 plugins.
Preloading 0 native plugins for Editor in 0.00 ms.
Mono: successfully reloaded assembly
- Completed reload, in  1.328 seconds
Domain Reload Profiling:
	ReloadAssembly (1329ms)
		BeginReloadAssembly (181ms)
			ExecutionOrderSort (0ms)
			DisableScriptedObjects (10ms)
			BackupInstance (0ms)
			ReleaseScriptingObjects (0ms)
			CreateAndSetChildDomain (49ms)
		EndReloadAssembly (1018ms)
			LoadAssemblies (119ms)
			RebuildTransferFunctionScriptingTraits (0ms)
			SetupTypeCache (299ms)
			ReleaseScriptCaches (1ms)
			RebuildScriptCaches (62ms)
			SetupLoadedEditorAssemblies (487ms)
				LogAssemblyErrors (0ms)
				InitializePlatformSupportModulesInManaged (31ms)
				SetLoadedEditorAssemblies (1ms)
				RefreshPlugins (1ms)
				BeforeProcessingInitializeOnLoad (114ms)
				ProcessInitializeOnLoadAttributes (273ms)
				ProcessInitializeOnLoadMethodAttributes (52ms)
				AfterProcessingInitializeOnLoad (16ms)
				EditorAssembliesLoaded (0ms)
			ExecutionOrderSort2 (0ms)
			AwakeInstancesAfterBackupRestoration (11ms)
Platform modules already initialized, skipping
Refreshing native plugins compatible for Editor in 3.04 ms, found 4 plugins.
Preloading 0 native plugins for Editor in 0.00 ms.
Unloading 4039 Unused Serialized files (Serialized files now loaded: 0)
Unloading 25 unused Assets / (24.7 KB). Loaded Objects now: 4574.
Memory consumption went from 150.3 MB to 150.2 MB.
Total: 3.791700 ms (FindLiveObjects: 0.334000 ms CreateObjectMapping: 0.107400 ms MarkObjects: 3.314300 ms  DeleteObjects: 0.034300 ms)

AssetImportParameters requested are different than current active one (requested -> active):
  custom:video-decoder-ogg-theora: a1e56fd34408186e4bbccfd4996cb3dc -> 
  custom:container-muxer-webm: aa71ff27fc2769a1b78a27578f13a17b -> 
  custom:container-demuxer-webm: 4f35f7cbe854078d1ac9338744f61a02 -> 
  custom:video-encoder-webm-vp8: eb34c28f22e8b96e1ab97ce403110664 -> 
  custom:audio-encoder-webm-vorbis: bf7c407c2cedff20999df2af8eb42d56 -> 
  custom:framework-win-MediaFoundation: 216162199b28c13a410421893ffa2e32 -> 
  custom:container-demuxer-ogg: 62fdf1f143b41e24485cea50d1cbac27 -> 
  custom:video-decoder-webm-vp8: 9c59270c3fd7afecdb556c50c9e8de78 -> 
  custom:audio-decoder-ogg-vorbis: bf7c407c2cedff20999df2af8eb42d56 -> 
========================================================================
Received Import Request.
  Time since last request: 56.658177 seconds.
  path: Assets/Prefabs/FadePanel.prefab
  artifactKey: Guid(3381dc6c44e13264387d80043f12534f) Importer(815301076,1909f56bfc062723c751e8b465ee728b)
Start importing Assets/Prefabs/FadePanel.prefab using Guid(3381dc6c44e13264387d80043f12534f) Importer(815301076,1909f56bfc062723c751e8b465ee728b)  -> (artifact id: '2836ff0c405d5c9aa6bd61c50d6779ac') in 0.050133 seconds 
========================================================================
Received Prepare
Registering precompiled user dll's ...
Registered in 0.007504 seconds.
Begin MonoManager ReloadAssembly
Symbol file LoadedFromMemory doesn't match image E:\Файлы\UnityProjects\Doors And Puzzles Math Game\Library\PackageCache\com.unity.visualscripting@1.7.8\Editor\VisualScripting.Core\Dependencies\YamlDotNet\Unity.VisualScripting.YamlDotNet.dll
Symbol file LoadedFromMemory doesn't match image E:\Файлы\UnityProjects\Doors And Puzzles Math Game\Library\PackageCache\com.unity.visualscripting@1.7.8\Editor\VisualScripting.Core\Dependencies\DotNetZip\Unity.VisualScripting.IonicZip.dll
Native extension for WindowsStandalone target not found
Native extension for Android target not found
Native extension for WebGL target not found
Refreshing native plugins compatible for Editor in 0.85 ms, found 4 plugins.
Preloading 0 native plugins for Editor in 0.00 ms.
Mono: successfully reloaded assembly
- Completed reload, in  1.364 seconds
Domain Reload Profiling:
	ReloadAssembly (1365ms)
		BeginReloadAssembly (160ms)
			ExecutionOrderSort (0ms)
			DisableScriptedObjects (9ms)
			BackupInstance (0ms)
			ReleaseScriptingObjects (0ms)
			CreateAndSetChildDomain (41ms)
		EndReloadAssembly (1076ms)
			LoadAssemblies (109ms)
			RebuildTransferFunctionScriptingTraits (0ms)
			SetupTypeCache (319ms)
			ReleaseScriptCaches (2ms)
			RebuildScriptCaches (69ms)
			SetupLoadedEditorAssemblies (508ms)
				LogAssemblyErrors (0ms)
				InitializePlatformSupportModulesInManaged (32ms)
				SetLoadedEditorAssemblies (1ms)
				RefreshPlugins (1ms)
				BeforeProcessingInitializeOnLoad (111ms)
				ProcessInitializeOnLoadAttributes (293ms)
				ProcessInitializeOnLoadMethodAttributes (55ms)
				AfterProcessingInitializeOnLoad (15ms)
				EditorAssembliesLoaded (0ms)
			ExecutionOrderSort2 (0ms)
			AwakeInstancesAfterBackupRestoration (10ms)
Platform modules already initialized, skipping
Refreshing native plugins compatible for Editor in 3.56 ms, found 4 plugins.
Preloading 0 native plugins for Editor in 0.00 ms.
Unloading 4039 Unused Serialized files (Serialized files now loaded: 0)
Unloading 26 unused Assets / (25.5 KB). Loaded Objects now: 4578.
Memory consumption went from 150.3 MB to 150.3 MB.
Total: 4.075900 ms (FindLiveObjects: 0.343700 ms CreateObjectMapping: 0.106100 ms MarkObjects: 3.587600 ms  DeleteObjects: 0.037000 ms)

AssetImportParameters requested are different than current active one (requested -> active):
  custom:video-decoder-ogg-theora: a1e56fd34408186e4bbccfd4996cb3dc -> 
  custom:container-muxer-webm: aa71ff27fc2769a1b78a27578f13a17b -> 
  custom:container-demuxer-webm: 4f35f7cbe854078d1ac9338744f61a02 -> 
  custom:video-encoder-webm-vp8: eb34c28f22e8b96e1ab97ce403110664 -> 
  custom:audio-encoder-webm-vorbis: bf7c407c2cedff20999df2af8eb42d56 -> 
  custom:framework-win-MediaFoundation: 216162199b28c13a410421893ffa2e32 -> 
  custom:container-demuxer-ogg: 62fdf1f143b41e24485cea50d1cbac27 -> 
  custom:video-decoder-webm-vp8: 9c59270c3fd7afecdb556c50c9e8de78 -> 
  custom:audio-decoder-ogg-vorbis: bf7c407c2cedff20999df2af8eb42d56 -> 
========================================================================
Received Prepare
Registering precompiled user dll's ...
Registered in 0.007203 seconds.
Begin MonoManager ReloadAssembly
Symbol file LoadedFromMemory doesn't match image E:\Файлы\UnityProjects\Doors And Puzzles Math Game\Library\PackageCache\com.unity.visualscripting@1.7.8\Editor\VisualScripting.Core\Dependencies\YamlDotNet\Unity.VisualScripting.YamlDotNet.dll
Symbol file LoadedFromMemory doesn't match image E:\Файлы\UnityProjects\Doors And Puzzles Math Game\Library\PackageCache\com.unity.visualscripting@1.7.8\Editor\VisualScripting.Core\Dependencies\DotNetZip\Unity.VisualScripting.IonicZip.dll
Native extension for WindowsStandalone target not found
Native extension for Android target not found
Native extension for WebGL target not found
Refreshing native plugins compatible for Editor in 1.18 ms, found 4 plugins.
Preloading 0 native plugins for Editor in 0.00 ms.
Mono: successfully reloaded assembly
- Completed reload, in  1.347 seconds
Domain Reload Profiling:
	ReloadAssembly (1347ms)
		BeginReloadAssembly (168ms)
			ExecutionOrderSort (0ms)
			DisableScriptedObjects (10ms)
			BackupInstance (0ms)
			ReleaseScriptingObjects (0ms)
			CreateAndSetChildDomain (43ms)
		EndReloadAssembly (1051ms)
			LoadAssemblies (116ms)
			RebuildTransferFunctionScriptingTraits (0ms)
			SetupTypeCache (311ms)
			ReleaseScriptCaches (2ms)
			RebuildScriptCaches (68ms)
			SetupLoadedEditorAssemblies (493ms)
				LogAssemblyErrors (0ms)
				InitializePlatformSupportModulesInManaged (32ms)
				SetLoadedEditorAssemblies (1ms)
				RefreshPlugins (1ms)
				BeforeProcessingInitializeOnLoad (116ms)
				ProcessInitializeOnLoadAttributes (279ms)
				ProcessInitializeOnLoadMethodAttributes (49ms)
				AfterProcessingInitializeOnLoad (14ms)
				EditorAssembliesLoaded (0ms)
			ExecutionOrderSort2 (0ms)
			AwakeInstancesAfterBackupRestoration (11ms)
Platform modules already initialized, skipping
Refreshing native plugins compatible for Editor in 3.03 ms, found 4 plugins.
Preloading 0 native plugins for Editor in 0.00 ms.
Unloading 4039 Unused Serialized files (Serialized files now loaded: 0)
Unloading 25 unused Assets / (24.7 KB). Loaded Objects now: 4581.
Memory consumption went from 150.3 MB to 150.3 MB.
Total: 4.385300 ms (FindLiveObjects: 0.387800 ms CreateObjectMapping: 0.135600 ms MarkObjects: 3.797900 ms  DeleteObjects: 0.062900 ms)

AssetImportParameters requested are different than current active one (requested -> active):
  custom:video-decoder-ogg-theora: a1e56fd34408186e4bbccfd4996cb3dc -> 
  custom:container-muxer-webm: aa71ff27fc2769a1b78a27578f13a17b -> 
  custom:container-demuxer-webm: 4f35f7cbe854078d1ac9338744f61a02 -> 
  custom:video-encoder-webm-vp8: eb34c28f22e8b96e1ab97ce403110664 -> 
  custom:audio-encoder-webm-vorbis: bf7c407c2cedff20999df2af8eb42d56 -> 
  custom:framework-win-MediaFoundation: 216162199b28c13a410421893ffa2e32 -> 
  custom:container-demuxer-ogg: 62fdf1f143b41e24485cea50d1cbac27 -> 
  custom:video-decoder-webm-vp8: 9c59270c3fd7afecdb556c50c9e8de78 -> 
  custom:audio-decoder-ogg-vorbis: bf7c407c2cedff20999df2af8eb42d56 -> 
========================================================================
Received Prepare
Registering precompiled user dll's ...
Registered in 0.007321 seconds.
Begin MonoManager ReloadAssembly
Symbol file LoadedFromMemory doesn't match image E:\Файлы\UnityProjects\Doors And Puzzles Math Game\Library\PackageCache\com.unity.visualscripting@1.7.8\Editor\VisualScripting.Core\Dependencies\YamlDotNet\Unity.VisualScripting.YamlDotNet.dll
Symbol file LoadedFromMemory doesn't match image E:\Файлы\UnityProjects\Doors And Puzzles Math Game\Library\PackageCache\com.unity.visualscripting@1.7.8\Editor\VisualScripting.Core\Dependencies\DotNetZip\Unity.VisualScripting.IonicZip.dll
Native extension for WindowsStandalone target not found
Native extension for Android target not found
Native extension for WebGL target not found
Refreshing native plugins compatible for Editor in 0.86 ms, found 4 plugins.
Preloading 0 native plugins for Editor in 0.00 ms.
Mono: successfully reloaded assembly
- Completed reload, in  1.330 seconds
Domain Reload Profiling:
	ReloadAssembly (1331ms)
		BeginReloadAssembly (164ms)
			ExecutionOrderSort (0ms)
			DisableScriptedObjects (11ms)
			BackupInstance (0ms)
			ReleaseScriptingObjects (0ms)
			CreateAndSetChildDomain (41ms)
		EndReloadAssembly (1035ms)
			LoadAssemblies (110ms)
			RebuildTransferFunctionScriptingTraits (0ms)
			SetupTypeCache (301ms)
			ReleaseScriptCaches (1ms)
			RebuildScriptCaches (64ms)
			SetupLoadedEditorAssemblies (496ms)
				LogAssemblyErrors (0ms)
				InitializePlatformSupportModulesInManaged (34ms)
				SetLoadedEditorAssemblies (1ms)
				RefreshPlugins (1ms)
				BeforeProcessingInitializeOnLoad (115ms)
				ProcessInitializeOnLoadAttributes (280ms)
				ProcessInitializeOnLoadMethodAttributes (50ms)
				AfterProcessingInitializeOnLoad (15ms)
				EditorAssembliesLoaded (0ms)
			ExecutionOrderSort2 (0ms)
			AwakeInstancesAfterBackupRestoration (10ms)
Platform modules already initialized, skipping
Refreshing native plugins compatible for Editor in 2.62 ms, found 4 plugins.
Preloading 0 native plugins for Editor in 0.00 ms.
Unloading 4039 Unused Serialized files (Serialized files now loaded: 0)
Unloading 25 unused Assets / (24.8 KB). Loaded Objects now: 4584.
Memory consumption went from 150.3 MB to 150.3 MB.
Total: 3.931400 ms (FindLiveObjects: 0.341300 ms CreateObjectMapping: 0.102800 ms MarkObjects: 3.455700 ms  DeleteObjects: 0.030400 ms)

AssetImportParameters requested are different than current active one (requested -> active):
  custom:video-decoder-ogg-theora: a1e56fd34408186e4bbccfd4996cb3dc -> 
  custom:container-muxer-webm: aa71ff27fc2769a1b78a27578f13a17b -> 
  custom:container-demuxer-webm: 4f35f7cbe854078d1ac9338744f61a02 -> 
  custom:video-encoder-webm-vp8: eb34c28f22e8b96e1ab97ce403110664 -> 
  custom:audio-encoder-webm-vorbis: bf7c407c2cedff20999df2af8eb42d56 -> 
  custom:framework-win-MediaFoundation: 216162199b28c13a410421893ffa2e32 -> 
  custom:container-demuxer-ogg: 62fdf1f143b41e24485cea50d1cbac27 -> 
  custom:video-decoder-webm-vp8: 9c59270c3fd7afecdb556c50c9e8de78 -> 
  custom:audio-decoder-ogg-vorbis: bf7c407c2cedff20999df2af8eb42d56 -> 
========================================================================
Received Prepare
Registering precompiled user dll's ...
Registered in 0.007162 seconds.
Begin MonoManager ReloadAssembly
Symbol file LoadedFromMemory doesn't match image E:\Файлы\UnityProjects\Doors And Puzzles Math Game\Library\PackageCache\com.unity.visualscripting@1.7.8\Editor\VisualScripting.Core\Dependencies\YamlDotNet\Unity.VisualScripting.YamlDotNet.dll
Symbol file LoadedFromMemory doesn't match image E:\Файлы\UnityProjects\Doors And Puzzles Math Game\Library\PackageCache\com.unity.visualscripting@1.7.8\Editor\VisualScripting.Core\Dependencies\DotNetZip\Unity.VisualScripting.IonicZip.dll
Native extension for WindowsStandalone target not found
Native extension for Android target not found
Native extension for WebGL target not found
Refreshing native plugins compatible for Editor in 0.78 ms, found 4 plugins.
Preloading 0 native plugins for Editor in 0.00 ms.
Mono: successfully reloaded assembly
- Completed reload, in  1.294 seconds
Domain Reload Profiling:
	ReloadAssembly (1294ms)
		BeginReloadAssembly (165ms)
			ExecutionOrderSort (0ms)
			DisableScriptedObjects (10ms)
			BackupInstance (0ms)
			ReleaseScriptingObjects (0ms)
			CreateAndSetChildDomain (40ms)
		EndReloadAssembly (994ms)
			LoadAssemblies (116ms)
			RebuildTransferFunctionScriptingTraits (0ms)
			SetupTypeCache (283ms)
			ReleaseScriptCaches (2ms)
			RebuildScriptCaches (62ms)
			SetupLoadedEditorAssemblies (476ms)
				LogAssemblyErrors (0ms)
				InitializePlatformSupportModulesInManaged (31ms)
				SetLoadedEditorAssemblies (1ms)
				RefreshPlugins (1ms)
				BeforeProcessingInitializeOnLoad (111ms)
				ProcessInitializeOnLoadAttributes (269ms)
				ProcessInitializeOnLoadMethodAttributes (48ms)
				AfterProcessingInitializeOnLoad (15ms)
				EditorAssembliesLoaded (0ms)
			ExecutionOrderSort2 (0ms)
			AwakeInstancesAfterBackupRestoration (10ms)
Platform modules already initialized, skipping
Refreshing native plugins compatible for Editor in 3.72 ms, found 4 plugins.
Preloading 0 native plugins for Editor in 0.00 ms.
Unloading 4039 Unused Serialized files (Serialized files now loaded: 0)
Unloading 25 unused Assets / (24.7 KB). Loaded Objects now: 4587.
Memory consumption went from 150.3 MB to 150.3 MB.
Total: 3.697500 ms (FindLiveObjects: 0.334000 ms CreateObjectMapping: 0.104400 ms MarkObjects: 3.235900 ms  DeleteObjects: 0.022100 ms)

AssetImportParameters requested are different than current active one (requested -> active):
  custom:video-decoder-ogg-theora: a1e56fd34408186e4bbccfd4996cb3dc -> 
  custom:container-muxer-webm: aa71ff27fc2769a1b78a27578f13a17b -> 
  custom:container-demuxer-webm: 4f35f7cbe854078d1ac9338744f61a02 -> 
  custom:video-encoder-webm-vp8: eb34c28f22e8b96e1ab97ce403110664 -> 
  custom:audio-encoder-webm-vorbis: bf7c407c2cedff20999df2af8eb42d56 -> 
  custom:framework-win-MediaFoundation: 216162199b28c13a410421893ffa2e32 -> 
  custom:container-demuxer-ogg: 62fdf1f143b41e24485cea50d1cbac27 -> 
  custom:video-decoder-webm-vp8: 9c59270c3fd7afecdb556c50c9e8de78 -> 
  custom:audio-decoder-ogg-vorbis: bf7c407c2cedff20999df2af8eb42d56 -> 
========================================================================
Received Import Request.
  Time since last request: 245.472908 seconds.
  path: Assets/Scripts/Dialog/DialogueWindow.cs
  artifactKey: Guid(6dcdc9a1aa69d2646802578396a7381f) Importer(815301076,1909f56bfc062723c751e8b465ee728b)
Start importing Assets/Scripts/Dialog/DialogueWindow.cs using Guid(6dcdc9a1aa69d2646802578396a7381f) Importer(815301076,1909f56bfc062723c751e8b465ee728b)  -> (artifact id: 'fdb851517992b6142d9747185c4382e1') in 0.016478 seconds 
========================================================================
Received Import Request.
  Time since last request: 3.839378 seconds.
  path: Assets/Scripts/Dialog/PartnerDialog.cs
  artifactKey: Guid(7ee0648e6e6532e4fa806bb77b82206b) Importer(815301076,1909f56bfc062723c751e8b465ee728b)
Start importing Assets/Scripts/Dialog/PartnerDialog.cs using Guid(7ee0648e6e6532e4fa806bb77b82206b) Importer(815301076,1909f56bfc062723c751e8b465ee728b)  -> (artifact id: 'dbb4841767fa60ec0aeec51fab6a48dc') in 0.010086 seconds 
========================================================================
Received Import Request.
  Time since last request: 4.669152 seconds.
  path: Assets/Scripts/Dialog/DropEnum.cs
  artifactKey: Guid(ac35144422f869145a2ccd17dc433af8) Importer(815301076,1909f56bfc062723c751e8b465ee728b)
Start importing Assets/Scripts/Dialog/DropEnum.cs using Guid(ac35144422f869145a2ccd17dc433af8) Importer(815301076,1909f56bfc062723c751e8b465ee728b)  -> (artifact id: 'ab9505359b83e545a372b093c370fe0e') in 0.011437 seconds 
========================================================================
Received Prepare
Registering precompiled user dll's ...
Registered in 0.007741 seconds.
Begin MonoManager ReloadAssembly
Symbol file LoadedFromMemory doesn't match image E:\Файлы\UnityProjects\Doors And Puzzles Math Game\Library\PackageCache\com.unity.visualscripting@1.7.8\Editor\VisualScripting.Core\Dependencies\YamlDotNet\Unity.VisualScripting.YamlDotNet.dll
Symbol file LoadedFromMemory doesn't match image E:\Файлы\UnityProjects\Doors And Puzzles Math Game\Library\PackageCache\com.unity.visualscripting@1.7.8\Editor\VisualScripting.Core\Dependencies\DotNetZip\Unity.VisualScripting.IonicZip.dll
Native extension for WindowsStandalone target not found
Native extension for Android target not found
Native extension for WebGL target not found
Refreshing native plugins compatible for Editor in 0.80 ms, found 4 plugins.
Preloading 0 native plugins for Editor in 0.00 ms.
Mono: successfully reloaded assembly
- Completed reload, in  1.292 seconds
Domain Reload Profiling:
	ReloadAssembly (1293ms)
		BeginReloadAssembly (182ms)
			ExecutionOrderSort (0ms)
			DisableScriptedObjects (12ms)
			BackupInstance (0ms)
			ReleaseScriptingObjects (0ms)
			CreateAndSetChildDomain (51ms)
		EndReloadAssembly (978ms)
			LoadAssemblies (123ms)
			RebuildTransferFunctionScriptingTraits (0ms)
			SetupTypeCache (277ms)
			ReleaseScriptCaches (1ms)
			RebuildScriptCaches (61ms)
			SetupLoadedEditorAssemblies (466ms)
				LogAssemblyErrors (0ms)
				InitializePlatformSupportModulesInManaged (31ms)
				SetLoadedEditorAssemblies (1ms)
				RefreshPlugins (1ms)
				BeforeProcessingInitializeOnLoad (107ms)
				ProcessInitializeOnLoadAttributes (262ms)
				ProcessInitializeOnLoadMethodAttributes (50ms)
				AfterProcessingInitializeOnLoad (14ms)
				EditorAssembliesLoaded (0ms)
			ExecutionOrderSort2 (0ms)
			AwakeInstancesAfterBackupRestoration (10ms)
Platform modules already initialized, skipping
Refreshing native plugins compatible for Editor in 2.58 ms, found 4 plugins.
Preloading 0 native plugins for Editor in 0.00 ms.
Unloading 4039 Unused Serialized files (Serialized files now loaded: 0)
Unloading 25 unused Assets / (24.7 KB). Loaded Objects now: 4590.
Memory consumption went from 150.3 MB to 150.3 MB.
Total: 3.772200 ms (FindLiveObjects: 0.342000 ms CreateObjectMapping: 0.106300 ms MarkObjects: 3.295500 ms  DeleteObjects: 0.027300 ms)

AssetImportParameters requested are different than current active one (requested -> active):
  custom:video-decoder-ogg-theora: a1e56fd34408186e4bbccfd4996cb3dc -> 
  custom:container-muxer-webm: aa71ff27fc2769a1b78a27578f13a17b -> 
  custom:container-demuxer-webm: 4f35f7cbe854078d1ac9338744f61a02 -> 
  custom:video-encoder-webm-vp8: eb34c28f22e8b96e1ab97ce403110664 -> 
  custom:audio-encoder-webm-vorbis: bf7c407c2cedff20999df2af8eb42d56 -> 
  custom:framework-win-MediaFoundation: 216162199b28c13a410421893ffa2e32 -> 
  custom:container-demuxer-ogg: 62fdf1f143b41e24485cea50d1cbac27 -> 
  custom:video-decoder-webm-vp8: 9c59270c3fd7afecdb556c50c9e8de78 -> 
  custom:audio-decoder-ogg-vorbis: bf7c407c2cedff20999df2af8eb42d56 -> 
========================================================================
Received Import Request.
  Time since last request: 479.861116 seconds.
  path: Assets/Prefabs/CanvasDialog.prefab
  artifactKey: Guid(62e1f9fb11c84704c8d68d2dd5c73c04) Importer(815301076,1909f56bfc062723c751e8b465ee728b)
Start importing Assets/Prefabs/CanvasDialog.prefab using Guid(62e1f9fb11c84704c8d68d2dd5c73c04) Importer(815301076,1909f56bfc062723c751e8b465ee728b)  -> (artifact id: '435e64ea80795a3591e41edc849e4f5d') in 0.059961 seconds 
========================================================================
Received Prepare
Registering precompiled user dll's ...
Registered in 0.007397 seconds.
Begin MonoManager ReloadAssembly
Symbol file LoadedFromMemory doesn't match image E:\Файлы\UnityProjects\Doors And Puzzles Math Game\Library\PackageCache\com.unity.visualscripting@1.7.8\Editor\VisualScripting.Core\Dependencies\YamlDotNet\Unity.VisualScripting.YamlDotNet.dll
Symbol file LoadedFromMemory doesn't match image E:\Файлы\UnityProjects\Doors And Puzzles Math Game\Library\PackageCache\com.unity.visualscripting@1.7.8\Editor\VisualScripting.Core\Dependencies\DotNetZip\Unity.VisualScripting.IonicZip.dll
Native extension for WindowsStandalone target not found
Native extension for Android target not found
Native extension for WebGL target not found
Refreshing native plugins compatible for Editor in 0.79 ms, found 4 plugins.
Preloading 0 native plugins for Editor in 0.00 ms.
Mono: successfully reloaded assembly
- Completed reload, in  1.351 seconds
Domain Reload Profiling:
	ReloadAssembly (1352ms)
		BeginReloadAssembly (183ms)
			ExecutionOrderSort (0ms)
			DisableScriptedObjects (9ms)
			BackupInstance (0ms)
			ReleaseScriptingObjects (0ms)
			CreateAndSetChildDomain (48ms)
		EndReloadAssembly (1018ms)
			LoadAssemblies (124ms)
			RebuildTransferFunctionScriptingTraits (0ms)
			SetupTypeCache (298ms)
			ReleaseScriptCaches (2ms)
			RebuildScriptCaches (69ms)
			SetupLoadedEditorAssemblies (479ms)
				LogAssemblyErrors (0ms)
				InitializePlatformSupportModulesInManaged (33ms)
				SetLoadedEditorAssemblies (1ms)
				RefreshPlugins (1ms)
				BeforeProcessingInitializeOnLoad (110ms)
				ProcessInitializeOnLoadAttributes (272ms)
				ProcessInitializeOnLoadMethodAttributes (49ms)
				AfterProcessingInitializeOnLoad (14ms)
				EditorAssembliesLoaded (0ms)
			ExecutionOrderSort2 (0ms)
			AwakeInstancesAfterBackupRestoration (11ms)
Platform modules already initialized, skipping
Refreshing native plugins compatible for Editor in 2.88 ms, found 4 plugins.
Preloading 0 native plugins for Editor in 0.00 ms.
Unloading 4039 Unused Serialized files (Serialized files now loaded: 0)
Unloading 26 unused Assets / (25.5 KB). Loaded Objects now: 4595.
Memory consumption went from 150.4 MB to 150.4 MB.
Total: 3.714600 ms (FindLiveObjects: 0.326100 ms CreateObjectMapping: 0.111300 ms MarkObjects: 3.243600 ms  DeleteObjects: 0.032500 ms)

AssetImportParameters requested are different than current active one (requested -> active):
  custom:video-decoder-ogg-theora: a1e56fd34408186e4bbccfd4996cb3dc -> 
  custom:container-muxer-webm: aa71ff27fc2769a1b78a27578f13a17b -> 
  custom:container-demuxer-webm: 4f35f7cbe854078d1ac9338744f61a02 -> 
  custom:video-encoder-webm-vp8: eb34c28f22e8b96e1ab97ce403110664 -> 
  custom:audio-encoder-webm-vorbis: bf7c407c2cedff20999df2af8eb42d56 -> 
  custom:framework-win-MediaFoundation: 216162199b28c13a410421893ffa2e32 -> 
  custom:container-demuxer-ogg: 62fdf1f143b41e24485cea50d1cbac27 -> 
  custom:video-decoder-webm-vp8: 9c59270c3fd7afecdb556c50c9e8de78 -> 
  custom:audio-decoder-ogg-vorbis: bf7c407c2cedff20999df2af8eb42d56 -> 
========================================================================
Received Prepare
Registering precompiled user dll's ...
Registered in 0.007773 seconds.
Begin MonoManager ReloadAssembly
Symbol file LoadedFromMemory doesn't match image E:\Файлы\UnityProjects\Doors And Puzzles Math Game\Library\PackageCache\com.unity.visualscripting@1.7.8\Editor\VisualScripting.Core\Dependencies\YamlDotNet\Unity.VisualScripting.YamlDotNet.dll
Symbol file LoadedFromMemory doesn't match image E:\Файлы\UnityProjects\Doors And Puzzles Math Game\Library\PackageCache\com.unity.visualscripting@1.7.8\Editor\VisualScripting.Core\Dependencies\DotNetZip\Unity.VisualScripting.IonicZip.dll
Native extension for WindowsStandalone target not found
Native extension for Android target not found
Native extension for WebGL target not found
Refreshing native plugins compatible for Editor in 0.79 ms, found 4 plugins.
Preloading 0 native plugins for Editor in 0.00 ms.
Mono: successfully reloaded assembly
- Completed reload, in  1.326 seconds
Domain Reload Profiling:
	ReloadAssembly (1326ms)
		BeginReloadAssembly (179ms)
			ExecutionOrderSort (0ms)
			DisableScriptedObjects (10ms)
			BackupInstance (0ms)
			ReleaseScriptingObjects (0ms)
			CreateAndSetChildDomain (50ms)
		EndReloadAssembly (1016ms)
			LoadAssemblies (117ms)
			RebuildTransferFunctionScriptingTraits (0ms)
			SetupTypeCache (290ms)
			ReleaseScriptCaches (1ms)
			RebuildScriptCaches (67ms)
			SetupLoadedEditorAssemblies (484ms)
				LogAssemblyErrors (0ms)
				InitializePlatformSupportModulesInManaged (31ms)
				SetLoadedEditorAssemblies (1ms)
				RefreshPlugins (1ms)
				BeforeProcessingInitializeOnLoad (110ms)
				ProcessInitializeOnLoadAttributes (275ms)
				ProcessInitializeOnLoadMethodAttributes (53ms)
				AfterProcessingInitializeOnLoad (14ms)
				EditorAssembliesLoaded (0ms)
			ExecutionOrderSort2 (0ms)
			AwakeInstancesAfterBackupRestoration (10ms)
Platform modules already initialized, skipping
Refreshing native plugins compatible for Editor in 2.73 ms, found 4 plugins.
Preloading 0 native plugins for Editor in 0.00 ms.
Unloading 4039 Unused Serialized files (Serialized files now loaded: 0)
Unloading 25 unused Assets / (24.7 KB). Loaded Objects now: 4598.
Memory consumption went from 150.4 MB to 150.4 MB.
Total: 3.777700 ms (FindLiveObjects: 0.333300 ms CreateObjectMapping: 0.109100 ms MarkObjects: 3.298100 ms  DeleteObjects: 0.036000 ms)

AssetImportParameters requested are different than current active one (requested -> active):
  custom:video-decoder-ogg-theora: a1e56fd34408186e4bbccfd4996cb3dc -> 
  custom:container-muxer-webm: aa71ff27fc2769a1b78a27578f13a17b -> 
  custom:container-demuxer-webm: 4f35f7cbe854078d1ac9338744f61a02 -> 
  custom:video-encoder-webm-vp8: eb34c28f22e8b96e1ab97ce403110664 -> 
  custom:audio-encoder-webm-vorbis: bf7c407c2cedff20999df2af8eb42d56 -> 
  custom:framework-win-MediaFoundation: 216162199b28c13a410421893ffa2e32 -> 
  custom:container-demuxer-ogg: 62fdf1f143b41e24485cea50d1cbac27 -> 
  custom:video-decoder-webm-vp8: 9c59270c3fd7afecdb556c50c9e8de78 -> 
  custom:audio-decoder-ogg-vorbis: bf7c407c2cedff20999df2af8eb42d56 -> 
========================================================================
Received Prepare
Registering precompiled user dll's ...
Registered in 0.007185 seconds.
Begin MonoManager ReloadAssembly
Symbol file LoadedFromMemory doesn't match image E:\Файлы\UnityProjects\Doors And Puzzles Math Game\Library\PackageCache\com.unity.visualscripting@1.7.8\Editor\VisualScripting.Core\Dependencies\YamlDotNet\Unity.VisualScripting.YamlDotNet.dll
Symbol file LoadedFromMemory doesn't match image E:\Файлы\UnityProjects\Doors And Puzzles Math Game\Library\PackageCache\com.unity.visualscripting@1.7.8\Editor\VisualScripting.Core\Dependencies\DotNetZip\Unity.VisualScripting.IonicZip.dll
Native extension for WindowsStandalone target not found
Native extension for Android target not found
Native extension for WebGL target not found
Refreshing native plugins compatible for Editor in 0.79 ms, found 4 plugins.
Preloading 0 native plugins for Editor in 0.00 ms.
Mono: successfully reloaded assembly
- Completed reload, in  1.296 seconds
Domain Reload Profiling:
	ReloadAssembly (1297ms)
		BeginReloadAssembly (171ms)
			ExecutionOrderSort (0ms)
			DisableScriptedObjects (11ms)
			BackupInstance (0ms)
			ReleaseScriptingObjects (0ms)
			CreateAndSetChildDomain (45ms)
		EndReloadAssembly (996ms)
			LoadAssemblies (118ms)
			RebuildTransferFunctionScriptingTraits (0ms)
			SetupTypeCache (281ms)
			ReleaseScriptCaches (1ms)
			RebuildScriptCaches (64ms)
			SetupLoadedEditorAssemblies (479ms)
				LogAssemblyErrors (0ms)
				InitializePlatformSupportModulesInManaged (31ms)
				SetLoadedEditorAssemblies (1ms)
				RefreshPlugins (1ms)
				BeforeProcessingInitializeOnLoad (109ms)
				ProcessInitializeOnLoadAttributes (273ms)
				ProcessInitializeOnLoadMethodAttributes (49ms)
				AfterProcessingInitializeOnLoad (16ms)
				EditorAssembliesLoaded (0ms)
			ExecutionOrderSort2 (0ms)
			AwakeInstancesAfterBackupRestoration (10ms)
Platform modules already initialized, skipping
Refreshing native plugins compatible for Editor in 2.58 ms, found 4 plugins.
Preloading 0 native plugins for Editor in 0.00 ms.
Unloading 4039 Unused Serialized files (Serialized files now loaded: 0)
Unloading 25 unused Assets / (24.7 KB). Loaded Objects now: 4601.
Memory consumption went from 150.4 MB to 150.4 MB.
Total: 3.751900 ms (FindLiveObjects: 0.344300 ms CreateObjectMapping: 0.105800 ms MarkObjects: 3.265000 ms  DeleteObjects: 0.035600 ms)

AssetImportParameters requested are different than current active one (requested -> active):
  custom:video-decoder-ogg-theora: a1e56fd34408186e4bbccfd4996cb3dc -> 
  custom:container-muxer-webm: aa71ff27fc2769a1b78a27578f13a17b -> 
  custom:container-demuxer-webm: 4f35f7cbe854078d1ac9338744f61a02 -> 
  custom:video-encoder-webm-vp8: eb34c28f22e8b96e1ab97ce403110664 -> 
  custom:audio-encoder-webm-vorbis: bf7c407c2cedff20999df2af8eb42d56 -> 
  custom:framework-win-MediaFoundation: 216162199b28c13a410421893ffa2e32 -> 
  custom:container-demuxer-ogg: 62fdf1f143b41e24485cea50d1cbac27 -> 
  custom:video-decoder-webm-vp8: 9c59270c3fd7afecdb556c50c9e8de78 -> 
  custom:audio-decoder-ogg-vorbis: bf7c407c2cedff20999df2af8eb42d56 -> 
========================================================================
Received Prepare
Registering precompiled user dll's ...
Registered in 0.007498 seconds.
Begin MonoManager ReloadAssembly
Symbol file LoadedFromMemory doesn't match image E:\Файлы\UnityProjects\Doors And Puzzles Math Game\Library\PackageCache\com.unity.visualscripting@1.7.8\Editor\VisualScripting.Core\Dependencies\YamlDotNet\Unity.VisualScripting.YamlDotNet.dll
Symbol file LoadedFromMemory doesn't match image E:\Файлы\UnityProjects\Doors And Puzzles Math Game\Library\PackageCache\com.unity.visualscripting@1.7.8\Editor\VisualScripting.Core\Dependencies\DotNetZip\Unity.VisualScripting.IonicZip.dll
Native extension for WindowsStandalone target not found
Native extension for Android target not found
Native extension for WebGL target not found
Refreshing native plugins compatible for Editor in 1.05 ms, found 4 plugins.
Preloading 0 native plugins for Editor in 0.00 ms.
Mono: successfully reloaded assembly
- Completed reload, in  1.343 seconds
Domain Reload Profiling:
	ReloadAssembly (1344ms)
		BeginReloadAssembly (161ms)
			ExecutionOrderSort (0ms)
			DisableScriptedObjects (10ms)
			BackupInstance (0ms)
			ReleaseScriptingObjects (0ms)
			CreateAndSetChildDomain (40ms)
		EndReloadAssembly (1057ms)
			LoadAssemblies (111ms)
			RebuildTransferFunctionScriptingTraits (0ms)
			SetupTypeCache (304ms)
			ReleaseScriptCaches (2ms)
			RebuildScriptCaches (64ms)
			SetupLoadedEditorAssemblies (502ms)
				LogAssemblyErrors (0ms)
				InitializePlatformSupportModulesInManaged (34ms)
				SetLoadedEditorAssemblies (1ms)
				RefreshPlugins (1ms)
				BeforeProcessingInitializeOnLoad (114ms)
				ProcessInitializeOnLoadAttributes (283ms)
				ProcessInitializeOnLoadMethodAttributes (56ms)
				AfterProcessingInitializeOnLoad (14ms)
				EditorAssembliesLoaded (0ms)
			ExecutionOrderSort2 (0ms)
			AwakeInstancesAfterBackupRestoration (10ms)
Platform modules already initialized, skipping
Refreshing native plugins compatible for Editor in 3.32 ms, found 4 plugins.
Preloading 0 native plugins for Editor in 0.00 ms.
Unloading 4039 Unused Serialized files (Serialized files now loaded: 0)
Unloading 25 unused Assets / (24.6 KB). Loaded Objects now: 4604.
Memory consumption went from 150.4 MB to 150.4 MB.
Total: 4.510500 ms (FindLiveObjects: 0.392600 ms CreateObjectMapping: 0.148500 ms MarkObjects: 3.935800 ms  DeleteObjects: 0.032400 ms)

AssetImportParameters requested are different than current active one (requested -> active):
  custom:video-decoder-ogg-theora: a1e56fd34408186e4bbccfd4996cb3dc -> 
  custom:container-muxer-webm: aa71ff27fc2769a1b78a27578f13a17b -> 
  custom:container-demuxer-webm: 4f35f7cbe854078d1ac9338744f61a02 -> 
  custom:video-encoder-webm-vp8: eb34c28f22e8b96e1ab97ce403110664 -> 
  custom:audio-encoder-webm-vorbis: bf7c407c2cedff20999df2af8eb42d56 -> 
  custom:framework-win-MediaFoundation: 216162199b28c13a410421893ffa2e32 -> 
  custom:container-demuxer-ogg: 62fdf1f143b41e24485cea50d1cbac27 -> 
  custom:video-decoder-webm-vp8: 9c59270c3fd7afecdb556c50c9e8de78 -> 
  custom:audio-decoder-ogg-vorbis: bf7c407c2cedff20999df2af8eb42d56 -> 
========================================================================
Received Prepare
Registering precompiled user dll's ...
Registered in 0.007309 seconds.
Begin MonoManager ReloadAssembly
Symbol file LoadedFromMemory doesn't match image E:\Файлы\UnityProjects\Doors And Puzzles Math Game\Library\PackageCache\com.unity.visualscripting@1.7.8\Editor\VisualScripting.Core\Dependencies\YamlDotNet\Unity.VisualScripting.YamlDotNet.dll
Symbol file LoadedFromMemory doesn't match image E:\Файлы\UnityProjects\Doors And Puzzles Math Game\Library\PackageCache\com.unity.visualscripting@1.7.8\Editor\VisualScripting.Core\Dependencies\DotNetZip\Unity.VisualScripting.IonicZip.dll
Native extension for WindowsStandalone target not found
Native extension for Android target not found
Native extension for WebGL target not found
Refreshing native plugins compatible for Editor in 0.80 ms, found 4 plugins.
Preloading 0 native plugins for Editor in 0.00 ms.
Mono: successfully reloaded assembly
- Completed reload, in  1.341 seconds
Domain Reload Profiling:
	ReloadAssembly (1342ms)
		BeginReloadAssembly (162ms)
			ExecutionOrderSort (0ms)
			DisableScriptedObjects (11ms)
			BackupInstance (0ms)
			ReleaseScriptingObjects (0ms)
			CreateAndSetChildDomain (40ms)
		EndReloadAssembly (1050ms)
			LoadAssemblies (117ms)
			RebuildTransferFunctionScriptingTraits (0ms)
			SetupTypeCache (300ms)
			ReleaseScriptCaches (2ms)
			RebuildScriptCaches (66ms)
			SetupLoadedEditorAssemblies (496ms)
				LogAssemblyErrors (0ms)
				InitializePlatformSupportModulesInManaged (33ms)
				SetLoadedEditorAssemblies (1ms)
				RefreshPlugins (1ms)
				BeforeProcessingInitializeOnLoad (114ms)
				ProcessInitializeOnLoadAttributes (277ms)
				ProcessInitializeOnLoadMethodAttributes (55ms)
				AfterProcessingInitializeOnLoad (16ms)
				EditorAssembliesLoaded (0ms)
			ExecutionOrderSort2 (0ms)
			AwakeInstancesAfterBackupRestoration (10ms)
Platform modules already initialized, skipping
Refreshing native plugins compatible for Editor in 3.78 ms, found 4 plugins.
Preloading 0 native plugins for Editor in 0.00 ms.
Unloading 4039 Unused Serialized files (Serialized files now loaded: 0)
Unloading 25 unused Assets / (24.7 KB). Loaded Objects now: 4607.
Memory consumption went from 150.4 MB to 150.4 MB.
Total: 3.931600 ms (FindLiveObjects: 0.365000 ms CreateObjectMapping: 0.104500 ms MarkObjects: 3.434800 ms  DeleteObjects: 0.026000 ms)

AssetImportParameters requested are different than current active one (requested -> active):
  custom:video-decoder-ogg-theora: a1e56fd34408186e4bbccfd4996cb3dc -> 
  custom:container-muxer-webm: aa71ff27fc2769a1b78a27578f13a17b -> 
  custom:container-demuxer-webm: 4f35f7cbe854078d1ac9338744f61a02 -> 
  custom:video-encoder-webm-vp8: eb34c28f22e8b96e1ab97ce403110664 -> 
  custom:audio-encoder-webm-vorbis: bf7c407c2cedff20999df2af8eb42d56 -> 
  custom:framework-win-MediaFoundation: 216162199b28c13a410421893ffa2e32 -> 
  custom:container-demuxer-ogg: 62fdf1f143b41e24485cea50d1cbac27 -> 
  custom:video-decoder-webm-vp8: 9c59270c3fd7afecdb556c50c9e8de78 -> 
  custom:audio-decoder-ogg-vorbis: bf7c407c2cedff20999df2af8eb42d56 -> 
========================================================================
Received Prepare
Registering precompiled user dll's ...
Registered in 0.008320 seconds.
Begin MonoManager ReloadAssembly
Symbol file LoadedFromMemory doesn't match image E:\Файлы\UnityProjects\Doors And Puzzles Math Game\Library\PackageCache\com.unity.visualscripting@1.7.8\Editor\VisualScripting.Core\Dependencies\YamlDotNet\Unity.VisualScripting.YamlDotNet.dll
Symbol file LoadedFromMemory doesn't match image E:\Файлы\UnityProjects\Doors And Puzzles Math Game\Library\PackageCache\com.unity.visualscripting@1.7.8\Editor\VisualScripting.Core\Dependencies\DotNetZip\Unity.VisualScripting.IonicZip.dll
Native extension for WindowsStandalone target not found
Native extension for Android target not found
Native extension for WebGL target not found
Refreshing native plugins compatible for Editor in 0.81 ms, found 4 plugins.
Preloading 0 native plugins for Editor in 0.00 ms.
Mono: successfully reloaded assembly
- Completed reload, in  1.353 seconds
Domain Reload Profiling:
	ReloadAssembly (1354ms)
		BeginReloadAssembly (172ms)
			ExecutionOrderSort (0ms)
			DisableScriptedObjects (10ms)
			BackupInstance (0ms)
			ReleaseScriptingObjects (0ms)
			CreateAndSetChildDomain (42ms)
		EndReloadAssembly (1044ms)
			LoadAssemblies (121ms)
			RebuildTransferFunctionScriptingTraits (0ms)
			SetupTypeCache (298ms)
			ReleaseScriptCaches (2ms)
			RebuildScriptCaches (67ms)
			SetupLoadedEditorAssemblies (503ms)
				LogAssemblyErrors (0ms)
				InitializePlatformSupportModulesInManaged (34ms)
				SetLoadedEditorAssemblies (1ms)
				RefreshPlugins (1ms)
				BeforeProcessingInitializeOnLoad (114ms)
				ProcessInitializeOnLoadAttributes (286ms)
				ProcessInitializeOnLoadMethodAttributes (52ms)
				AfterProcessingInitializeOnLoad (14ms)
				EditorAssembliesLoaded (0ms)
			ExecutionOrderSort2 (0ms)
			AwakeInstancesAfterBackupRestoration (11ms)
Platform modules already initialized, skipping
Refreshing native plugins compatible for Editor in 2.82 ms, found 4 plugins.
Preloading 0 native plugins for Editor in 0.00 ms.
Unloading 4039 Unused Serialized files (Serialized files now loaded: 0)
Unloading 25 unused Assets / (24.6 KB). Loaded Objects now: 4610.
Memory consumption went from 150.4 MB to 150.4 MB.
Total: 4.224100 ms (FindLiveObjects: 0.378500 ms CreateObjectMapping: 0.177500 ms MarkObjects: 3.634900 ms  DeleteObjects: 0.031200 ms)

AssetImportParameters requested are different than current active one (requested -> active):
  custom:video-decoder-ogg-theora: a1e56fd34408186e4bbccfd4996cb3dc -> 
  custom:container-muxer-webm: aa71ff27fc2769a1b78a27578f13a17b -> 
  custom:container-demuxer-webm: 4f35f7cbe854078d1ac9338744f61a02 -> 
  custom:video-encoder-webm-vp8: eb34c28f22e8b96e1ab97ce403110664 -> 
  custom:audio-encoder-webm-vorbis: bf7c407c2cedff20999df2af8eb42d56 -> 
  custom:framework-win-MediaFoundation: 216162199b28c13a410421893ffa2e32 -> 
  custom:container-demuxer-ogg: 62fdf1f143b41e24485cea50d1cbac27 -> 
  custom:video-decoder-webm-vp8: 9c59270c3fd7afecdb556c50c9e8de78 -> 
  custom:audio-decoder-ogg-vorbis: bf7c407c2cedff20999df2af8eb42d56 -> 
========================================================================
Received Prepare
Registering precompiled user dll's ...
Registered in 0.007200 seconds.
Begin MonoManager ReloadAssembly
Symbol file LoadedFromMemory doesn't match image E:\Файлы\UnityProjects\Doors And Puzzles Math Game\Library\PackageCache\com.unity.visualscripting@1.7.8\Editor\VisualScripting.Core\Dependencies\YamlDotNet\Unity.VisualScripting.YamlDotNet.dll
Symbol file LoadedFromMemory doesn't match image E:\Файлы\UnityProjects\Doors And Puzzles Math Game\Library\PackageCache\com.unity.visualscripting@1.7.8\Editor\VisualScripting.Core\Dependencies\DotNetZip\Unity.VisualScripting.IonicZip.dll
Native extension for WindowsStandalone target not found
Native extension for Android target not found
Native extension for WebGL target not found
Refreshing native plugins compatible for Editor in 0.81 ms, found 4 plugins.
Preloading 0 native plugins for Editor in 0.00 ms.
Mono: successfully reloaded assembly
- Completed reload, in  1.353 seconds
Domain Reload Profiling:
	ReloadAssembly (1354ms)
		BeginReloadAssembly (176ms)
			ExecutionOrderSort (0ms)
			DisableScriptedObjects (10ms)
			BackupInstance (0ms)
			ReleaseScriptingObjects (0ms)
			CreateAndSetChildDomain (43ms)
		EndReloadAssembly (1038ms)
			LoadAssemblies (126ms)
			RebuildTransferFunctionScriptingTraits (0ms)
			SetupTypeCache (304ms)
			ReleaseScriptCaches (2ms)
			RebuildScriptCaches (67ms)
			SetupLoadedEditorAssemblies (484ms)
				LogAssemblyErrors (0ms)
				InitializePlatformSupportModulesInManaged (31ms)
				SetLoadedEditorAssemblies (1ms)
				RefreshPlugins (1ms)
				BeforeProcessingInitializeOnLoad (108ms)
				ProcessInitializeOnLoadAttributes (277ms)
				ProcessInitializeOnLoadMethodAttributes (52ms)
				AfterProcessingInitializeOnLoad (14ms)
				EditorAssembliesLoaded (0ms)
			ExecutionOrderSort2 (0ms)
			AwakeInstancesAfterBackupRestoration (10ms)
Platform modules already initialized, skipping
Refreshing native plugins compatible for Editor in 2.85 ms, found 4 plugins.
Preloading 0 native plugins for Editor in 0.00 ms.
Unloading 4052 Unused Serialized files (Serialized files now loaded: 0)
Unloading 38 unused Assets / (0.7 MB). Loaded Objects now: 4613.
Memory consumption went from 152.6 MB to 152.0 MB.
Total: 4.195000 ms (FindLiveObjects: 0.375000 ms CreateObjectMapping: 0.114200 ms MarkObjects: 3.318600 ms  DeleteObjects: 0.386100 ms)

AssetImportParameters requested are different than current active one (requested -> active):
  custom:video-decoder-ogg-theora: a1e56fd34408186e4bbccfd4996cb3dc -> 
  custom:container-muxer-webm: aa71ff27fc2769a1b78a27578f13a17b -> 
  custom:container-demuxer-webm: 4f35f7cbe854078d1ac9338744f61a02 -> 
  custom:video-encoder-webm-vp8: eb34c28f22e8b96e1ab97ce403110664 -> 
  custom:audio-encoder-webm-vorbis: bf7c407c2cedff20999df2af8eb42d56 -> 
  custom:framework-win-MediaFoundation: 216162199b28c13a410421893ffa2e32 -> 
  custom:container-demuxer-ogg: 62fdf1f143b41e24485cea50d1cbac27 -> 
  custom:video-decoder-webm-vp8: 9c59270c3fd7afecdb556c50c9e8de78 -> 
  custom:audio-decoder-ogg-vorbis: bf7c407c2cedff20999df2af8eb42d56 -> 
========================================================================
Received Import Request.
  Time since last request: 554.307981 seconds.
  path: Assets/Prefabs/CanvasDialog.prefab
  artifactKey: Guid(62e1f9fb11c84704c8d68d2dd5c73c04) Importer(815301076,1909f56bfc062723c751e8b465ee728b)
Start importing Assets/Prefabs/CanvasDialog.prefab using Guid(62e1f9fb11c84704c8d68d2dd5c73c04) Importer(815301076,1909f56bfc062723c751e8b465ee728b)  -> (artifact id: 'b315410e06f7d120e86f8a07073756a5') in 0.086601 seconds 
========================================================================
Received Prepare
Registering precompiled user dll's ...
Registered in 0.007151 seconds.
Begin MonoManager ReloadAssembly
Symbol file LoadedFromMemory doesn't match image E:\Файлы\UnityProjects\Doors And Puzzles Math Game\Library\PackageCache\com.unity.visualscripting@1.7.8\Editor\VisualScripting.Core\Dependencies\YamlDotNet\Unity.VisualScripting.YamlDotNet.dll
Symbol file LoadedFromMemory doesn't match image E:\Файлы\UnityProjects\Doors And Puzzles Math Game\Library\PackageCache\com.unity.visualscripting@1.7.8\Editor\VisualScripting.Core\Dependencies\DotNetZip\Unity.VisualScripting.IonicZip.dll
Native extension for WindowsStandalone target not found
Native extension for Android target not found
Native extension for WebGL target not found
Refreshing native plugins compatible for Editor in 1.14 ms, found 4 plugins.
Preloading 0 native plugins for Editor in 0.00 ms.
Mono: successfully reloaded assembly
- Completed reload, in  1.372 seconds
Domain Reload Profiling:
	ReloadAssembly (1373ms)
		BeginReloadAssembly (166ms)
			ExecutionOrderSort (0ms)
			DisableScriptedObjects (9ms)
			BackupInstance (0ms)
			ReleaseScriptingObjects (0ms)
			CreateAndSetChildDomain (42ms)
		EndReloadAssembly (1071ms)
			LoadAssemblies (115ms)
			RebuildTransferFunctionScriptingTraits (0ms)
			SetupTypeCache (315ms)
			ReleaseScriptCaches (2ms)
			RebuildScriptCaches (70ms)
			SetupLoadedEditorAssemblies (503ms)
				LogAssemblyErrors (0ms)
				InitializePlatformSupportModulesInManaged (34ms)
				SetLoadedEditorAssemblies (1ms)
				RefreshPlugins (1ms)
				BeforeProcessingInitializeOnLoad (114ms)
				ProcessInitializeOnLoadAttributes (285ms)
				ProcessInitializeOnLoadMethodAttributes (53ms)
				AfterProcessingInitializeOnLoad (15ms)
				EditorAssembliesLoaded (0ms)
			ExecutionOrderSort2 (0ms)
			AwakeInstancesAfterBackupRestoration (12ms)
Platform modules already initialized, skipping
Refreshing native plugins compatible for Editor in 2.75 ms, found 4 plugins.
Preloading 0 native plugins for Editor in 0.00 ms.
Unloading 4052 Unused Serialized files (Serialized files now loaded: 0)
Unloading 39 unused Assets / (0.7 MB). Loaded Objects now: 4616.
Memory consumption went from 152.7 MB to 152.0 MB.
Total: 4.692600 ms (FindLiveObjects: 0.359400 ms CreateObjectMapping: 0.106400 ms MarkObjects: 3.831700 ms  DeleteObjects: 0.393900 ms)

AssetImportParameters requested are different than current active one (requested -> active):
  custom:video-decoder-ogg-theora: a1e56fd34408186e4bbccfd4996cb3dc -> 
  custom:container-muxer-webm: aa71ff27fc2769a1b78a27578f13a17b -> 
  custom:container-demuxer-webm: 4f35f7cbe854078d1ac9338744f61a02 -> 
  custom:video-encoder-webm-vp8: eb34c28f22e8b96e1ab97ce403110664 -> 
  custom:audio-encoder-webm-vorbis: bf7c407c2cedff20999df2af8eb42d56 -> 
  custom:framework-win-MediaFoundation: 216162199b28c13a410421893ffa2e32 -> 
  custom:container-demuxer-ogg: 62fdf1f143b41e24485cea50d1cbac27 -> 
  custom:video-decoder-webm-vp8: 9c59270c3fd7afecdb556c50c9e8de78 -> 
  custom:audio-decoder-ogg-vorbis: bf7c407c2cedff20999df2af8eb42d56 -> 
========================================================================
Received Prepare
Registering precompiled user dll's ...
Registered in 0.007991 seconds.
Begin MonoManager ReloadAssembly
Symbol file LoadedFromMemory doesn't match image E:\Файлы\UnityProjects\Doors And Puzzles Math Game\Library\PackageCache\com.unity.visualscripting@1.7.8\Editor\VisualScripting.Core\Dependencies\YamlDotNet\Unity.VisualScripting.YamlDotNet.dll
Symbol file LoadedFromMemory doesn't match image E:\Файлы\UnityProjects\Doors And Puzzles Math Game\Library\PackageCache\com.unity.visualscripting@1.7.8\Editor\VisualScripting.Core\Dependencies\DotNetZip\Unity.VisualScripting.IonicZip.dll
Native extension for WindowsStandalone target not found
Native extension for Android target not found
Native extension for WebGL target not found
Refreshing native plugins compatible for Editor in 1.26 ms, found 4 plugins.
Preloading 0 native plugins for Editor in 0.00 ms.
Mono: successfully reloaded assembly
- Completed reload, in  1.358 seconds
Domain Reload Profiling:
	ReloadAssembly (1359ms)
		BeginReloadAssembly (171ms)
			ExecutionOrderSort (0ms)
			DisableScriptedObjects (10ms)
			BackupInstance (0ms)
			ReleaseScriptingObjects (0ms)
			CreateAndSetChildDomain (42ms)
		EndReloadAssembly (1054ms)
			LoadAssemblies (119ms)
			RebuildTransferFunctionScriptingTraits (0ms)
			SetupTypeCache (303ms)
			ReleaseScriptCaches (2ms)
			RebuildScriptCaches (68ms)
			SetupLoadedEditorAssemblies (501ms)
				LogAssemblyErrors (0ms)
				InitializePlatformSupportModulesInManaged (33ms)
				SetLoadedEditorAssemblies (1ms)
				RefreshPlugins (1ms)
				BeforeProcessingInitializeOnLoad (117ms)
				ProcessInitializeOnLoadAttributes (284ms)
				ProcessInitializeOnLoadMethodAttributes (50ms)
				AfterProcessingInitializeOnLoad (14ms)
				EditorAssembliesLoaded (0ms)
			ExecutionOrderSort2 (0ms)
			AwakeInstancesAfterBackupRestoration (11ms)
Platform modules already initialized, skipping
Refreshing native plugins compatible for Editor in 2.75 ms, found 4 plugins.
Preloading 0 native plugins for Editor in 0.00 ms.
Unloading 4052 Unused Serialized files (Serialized files now loaded: 0)
Unloading 38 unused Assets / (0.7 MB). Loaded Objects now: 4619.
Memory consumption went from 152.7 MB to 152.0 MB.
Total: 4.511100 ms (FindLiveObjects: 0.443200 ms CreateObjectMapping: 0.166800 ms MarkObjects: 3.482000 ms  DeleteObjects: 0.418000 ms)

AssetImportParameters requested are different than current active one (requested -> active):
  custom:video-decoder-ogg-theora: a1e56fd34408186e4bbccfd4996cb3dc -> 
  custom:container-muxer-webm: aa71ff27fc2769a1b78a27578f13a17b -> 
  custom:container-demuxer-webm: 4f35f7cbe854078d1ac9338744f61a02 -> 
  custom:video-encoder-webm-vp8: eb34c28f22e8b96e1ab97ce403110664 -> 
  custom:audio-encoder-webm-vorbis: bf7c407c2cedff20999df2af8eb42d56 -> 
  custom:framework-win-MediaFoundation: 216162199b28c13a410421893ffa2e32 -> 
  custom:container-demuxer-ogg: 62fdf1f143b41e24485cea50d1cbac27 -> 
  custom:video-decoder-webm-vp8: 9c59270c3fd7afecdb556c50c9e8de78 -> 
  custom:audio-decoder-ogg-vorbis: bf7c407c2cedff20999df2af8eb42d56 -> 
========================================================================
Received Prepare
Registering precompiled user dll's ...
Registered in 0.007068 seconds.
Begin MonoManager ReloadAssembly
Symbol file LoadedFromMemory doesn't match image E:\Файлы\UnityProjects\Doors And Puzzles Math Game\Library\PackageCache\com.unity.visualscripting@1.7.8\Editor\VisualScripting.Core\Dependencies\YamlDotNet\Unity.VisualScripting.YamlDotNet.dll
Symbol file LoadedFromMemory doesn't match image E:\Файлы\UnityProjects\Doors And Puzzles Math Game\Library\PackageCache\com.unity.visualscripting@1.7.8\Editor\VisualScripting.Core\Dependencies\DotNetZip\Unity.VisualScripting.IonicZip.dll
Native extension for WindowsStandalone target not found
Native extension for Android target not found
Native extension for WebGL target not found
Refreshing native plugins compatible for Editor in 0.82 ms, found 4 plugins.
Preloading 0 native plugins for Editor in 0.00 ms.
Mono: successfully reloaded assembly
- Completed reload, in  1.362 seconds
Domain Reload Profiling:
	ReloadAssembly (1363ms)
		BeginReloadAssembly (167ms)
			ExecutionOrderSort (0ms)
			DisableScriptedObjects (10ms)
			BackupInstance (0ms)
			ReleaseScriptingObjects (0ms)
			CreateAndSetChildDomain (42ms)
		EndReloadAssembly (1065ms)
			LoadAssemblies (119ms)
			RebuildTransferFunctionScriptingTraits (0ms)
			SetupTypeCache (299ms)
			ReleaseScriptCaches (2ms)
			RebuildScriptCaches (73ms)
			SetupLoadedEditorAssemblies (501ms)
				LogAssemblyErrors (0ms)
				InitializePlatformSupportModulesInManaged (32ms)
				SetLoadedEditorAssemblies (1ms)
				RefreshPlugins (1ms)
				BeforeProcessingInitializeOnLoad (117ms)
				ProcessInitializeOnLoadAttributes (282ms)
				ProcessInitializeOnLoadMethodAttributes (54ms)
				AfterProcessingInitializeOnLoad (15ms)
				EditorAssembliesLoaded (0ms)
			ExecutionOrderSort2 (0ms)
			AwakeInstancesAfterBackupRestoration (13ms)
Platform modules already initialized, skipping
Refreshing native plugins compatible for Editor in 2.74 ms, found 4 plugins.
Preloading 0 native plugins for Editor in 0.00 ms.
Unloading 4052 Unused Serialized files (Serialized files now loaded: 0)
Unloading 38 unused Assets / (0.7 MB). Loaded Objects now: 4622.
Memory consumption went from 152.7 MB to 152.0 MB.
Total: 4.193500 ms (FindLiveObjects: 0.375700 ms CreateObjectMapping: 0.113500 ms MarkObjects: 3.334400 ms  DeleteObjects: 0.368700 ms)

AssetImportParameters requested are different than current active one (requested -> active):
  custom:video-decoder-ogg-theora: a1e56fd34408186e4bbccfd4996cb3dc -> 
  custom:container-muxer-webm: aa71ff27fc2769a1b78a27578f13a17b -> 
  custom:container-demuxer-webm: 4f35f7cbe854078d1ac9338744f61a02 -> 
  custom:video-encoder-webm-vp8: eb34c28f22e8b96e1ab97ce403110664 -> 
  custom:audio-encoder-webm-vorbis: bf7c407c2cedff20999df2af8eb42d56 -> 
  custom:framework-win-MediaFoundation: 216162199b28c13a410421893ffa2e32 -> 
  custom:container-demuxer-ogg: 62fdf1f143b41e24485cea50d1cbac27 -> 
  custom:video-decoder-webm-vp8: 9c59270c3fd7afecdb556c50c9e8de78 -> 
  custom:audio-decoder-ogg-vorbis: bf7c407c2cedff20999df2af8eb42d56 -> 
========================================================================
Received Prepare
Registering precompiled user dll's ...
Registered in 0.007482 seconds.
Begin MonoManager ReloadAssembly
Symbol file LoadedFromMemory doesn't match image E:\Файлы\UnityProjects\Doors And Puzzles Math Game\Library\PackageCache\com.unity.visualscripting@1.7.8\Editor\VisualScripting.Core\Dependencies\YamlDotNet\Unity.VisualScripting.YamlDotNet.dll
Symbol file LoadedFromMemory doesn't match image E:\Файлы\UnityProjects\Doors And Puzzles Math Game\Library\PackageCache\com.unity.visualscripting@1.7.8\Editor\VisualScripting.Core\Dependencies\DotNetZip\Unity.VisualScripting.IonicZip.dll
Native extension for WindowsStandalone target not found
Native extension for Android target not found
Native extension for WebGL target not found
Refreshing native plugins compatible for Editor in 0.80 ms, found 4 plugins.
Preloading 0 native plugins for Editor in 0.00 ms.
Mono: successfully reloaded assembly
- Completed reload, in  1.362 seconds
Domain Reload Profiling:
	ReloadAssembly (1363ms)
		BeginReloadAssembly (166ms)
			ExecutionOrderSort (0ms)
			DisableScriptedObjects (11ms)
			BackupInstance (0ms)
			ReleaseScriptingObjects (0ms)
			CreateAndSetChildDomain (42ms)
		EndReloadAssembly (1065ms)
			LoadAssemblies (116ms)
			RebuildTransferFunctionScriptingTraits (0ms)
			SetupTypeCache (301ms)
			ReleaseScriptCaches (2ms)
			RebuildScriptCaches (71ms)
			SetupLoadedEditorAssemblies (515ms)
				LogAssemblyErrors (0ms)
				InitializePlatformSupportModulesInManaged (33ms)
				SetLoadedEditorAssemblies (1ms)
				RefreshPlugins (1ms)
				BeforeProcessingInitializeOnLoad (113ms)
				ProcessInitializeOnLoadAttributes (302ms)
				ProcessInitializeOnLoadMethodAttributes (52ms)
				AfterProcessingInitializeOnLoad (14ms)
				EditorAssembliesLoaded (0ms)
			ExecutionOrderSort2 (0ms)
			AwakeInstancesAfterBackupRestoration (10ms)
Platform modules already initialized, skipping
Refreshing native plugins compatible for Editor in 2.96 ms, found 4 plugins.
Preloading 0 native plugins for Editor in 0.00 ms.
Unloading 4052 Unused Serialized files (Serialized files now loaded: 0)
Unloading 38 unused Assets / (0.7 MB). Loaded Objects now: 4625.
Memory consumption went from 152.7 MB to 152.0 MB.
Total: 4.699200 ms (FindLiveObjects: 0.370600 ms CreateObjectMapping: 0.141200 ms MarkObjects: 3.717800 ms  DeleteObjects: 0.468500 ms)

AssetImportParameters requested are different than current active one (requested -> active):
  custom:video-decoder-ogg-theora: a1e56fd34408186e4bbccfd4996cb3dc -> 
  custom:container-muxer-webm: aa71ff27fc2769a1b78a27578f13a17b -> 
  custom:container-demuxer-webm: 4f35f7cbe854078d1ac9338744f61a02 -> 
  custom:video-encoder-webm-vp8: eb34c28f22e8b96e1ab97ce403110664 -> 
  custom:audio-encoder-webm-vorbis: bf7c407c2cedff20999df2af8eb42d56 -> 
  custom:framework-win-MediaFoundation: 216162199b28c13a410421893ffa2e32 -> 
  custom:container-demuxer-ogg: 62fdf1f143b41e24485cea50d1cbac27 -> 
  custom:video-decoder-webm-vp8: 9c59270c3fd7afecdb556c50c9e8de78 -> 
  custom:audio-decoder-ogg-vorbis: bf7c407c2cedff20999df2af8eb42d56 -> 
========================================================================
Received Prepare
Registering precompiled user dll's ...
Registered in 0.009135 seconds.
Begin MonoManager ReloadAssembly
Symbol file LoadedFromMemory doesn't match image E:\Файлы\UnityProjects\Doors And Puzzles Math Game\Library\PackageCache\com.unity.visualscripting@1.7.8\Editor\VisualScripting.Core\Dependencies\YamlDotNet\Unity.VisualScripting.YamlDotNet.dll
Symbol file LoadedFromMemory doesn't match image E:\Файлы\UnityProjects\Doors And Puzzles Math Game\Library\PackageCache\com.unity.visualscripting@1.7.8\Editor\VisualScripting.Core\Dependencies\DotNetZip\Unity.VisualScripting.IonicZip.dll
Native extension for WindowsStandalone target not found
Native extension for Android target not found
Native extension for WebGL target not found
Refreshing native plugins compatible for Editor in 0.93 ms, found 4 plugins.
Preloading 0 native plugins for Editor in 0.00 ms.
Mono: successfully reloaded assembly
- Completed reload, in  1.397 seconds
Domain Reload Profiling:
	ReloadAssembly (1398ms)
		BeginReloadAssembly (179ms)
			ExecutionOrderSort (0ms)
			DisableScriptedObjects (10ms)
			BackupInstance (0ms)
			ReleaseScriptingObjects (0ms)
			CreateAndSetChildDomain (46ms)
		EndReloadAssembly (1075ms)
			LoadAssemblies (126ms)
			RebuildTransferFunctionScriptingTraits (0ms)
			SetupTypeCache (306ms)
			ReleaseScriptCaches (2ms)
			RebuildScriptCaches (66ms)
			SetupLoadedEditorAssemblies (515ms)
				LogAssemblyErrors (0ms)
				InitializePlatformSupportModulesInManaged (35ms)
				SetLoadedEditorAssemblies (1ms)
				RefreshPlugins (1ms)
				BeforeProcessingInitializeOnLoad (115ms)
				ProcessInitializeOnLoadAttributes (290ms)
				ProcessInitializeOnLoadMethodAttributes (57ms)
				AfterProcessingInitializeOnLoad (15ms)
				EditorAssembliesLoaded (0ms)
			ExecutionOrderSort2 (0ms)
			AwakeInstancesAfterBackupRestoration (11ms)
Platform modules already initialized, skipping
Refreshing native plugins compatible for Editor in 2.82 ms, found 4 plugins.
Preloading 0 native plugins for Editor in 0.00 ms.
Unloading 4052 Unused Serialized files (Serialized files now loaded: 0)
Unloading 38 unused Assets / (0.7 MB). Loaded Objects now: 4628.
Memory consumption went from 152.7 MB to 152.0 MB.
Total: 4.973700 ms (FindLiveObjects: 0.423000 ms CreateObjectMapping: 0.119600 ms MarkObjects: 3.869500 ms  DeleteObjects: 0.560600 ms)

AssetImportParameters requested are different than current active one (requested -> active):
  custom:video-decoder-ogg-theora: a1e56fd34408186e4bbccfd4996cb3dc -> 
  custom:container-muxer-webm: aa71ff27fc2769a1b78a27578f13a17b -> 
  custom:container-demuxer-webm: 4f35f7cbe854078d1ac9338744f61a02 -> 
  custom:video-encoder-webm-vp8: eb34c28f22e8b96e1ab97ce403110664 -> 
  custom:audio-encoder-webm-vorbis: bf7c407c2cedff20999df2af8eb42d56 -> 
  custom:framework-win-MediaFoundation: 216162199b28c13a410421893ffa2e32 -> 
  custom:container-demuxer-ogg: 62fdf1f143b41e24485cea50d1cbac27 -> 
  custom:video-decoder-webm-vp8: 9c59270c3fd7afecdb556c50c9e8de78 -> 
  custom:audio-decoder-ogg-vorbis: bf7c407c2cedff20999df2af8eb42d56 -> 
